packet_id,rssi_dbm,snr_db,link_quality,tx_time,rx_time
1,-39,12.75,100.0,1781075070.334456,1781075070.456565
2,-39,13.0,100.0,1781075071.34797,1781075071.4646652
3,-48,14.25,100.0,1781075072.355468,1781075072.480582
4,-42,13.5,100.0,1781075073.3581598,1781075073.481778
5,-40,13.0,100.0,1781075074.360629,1781075074.479382
6,-38,13.0,100.0,1781075075.36428,1781075075.499722
7,-36,13.75,100.0,1781075076.371006,1781075076.507017
8,-36,13.5,100.0,1781075077.373908,1781075077.51899
9,-35,13.0,100.0,1781075078.381088,1781075078.5250208
10,-33,13.5,100.0,1781075079.3884249,1781075079.5363011
11,-35,14.0,100.0,1781075080.391635,1781075080.546688
12,-40,13.5,100.0,1781075081.398549,1781075081.479957
13,-47,13.5,100.0,1781075082.401454,1781075082.487017
14,-41,13.5,100.0,1781075083.4041312,1781075083.494729
15,-41,13.5,100.0,1781075084.411681,1781075084.4923031
16,-40,12.25,100.0,1781075085.419211,1781075085.502089
17,-40,13.5,100.0,1781075086.426395,1781075086.508445
18,-40,12.25,100.0,1781075087.433413,1781075087.596676
19,-42,13.75,100.0,1781075088.44048,1781075088.516907
20,-39,12.75,100.0,1781075089.447861,1781075089.5336242
21,-51,13.75,100.0,1781075090.4551291,1781075090.5445518
22,-35,13.0,100.0,1781075091.458978,1781075091.562708
23,-35,13.5,100.0,1781075092.4631019,1781075092.57734
24,-36,12.5,100.0,1781075093.467202,1781075093.5855548
25,-33,13.0,100.0,1781075094.473084,1781075094.595961
26,-37,14.25,100.0,1781075095.480269,1781075095.6098151
27,-32,13.0,100.0,1781075096.4848351,1781075096.6183
28,-33,13.0,100.0,1781075097.4885051,1781075097.630163
29,-35,13.5,100.0,1781075098.491173,1781075098.632457
30,-34,13.5,100.0,1781075099.4982982,1781075099.644188
31,-34,13.25,100.0,1781075100.5004952,1781075100.6556401
32,-35,13.25,100.0,1781075101.5073202,1781075101.654814
33,-33,12.5,100.0,1781075102.509747,1781075102.669476
34,-34,13.5,100.0,1781075103.51697,1781075103.674201
35,-35,13.25,100.0,1781075104.52454,1781075104.679898
36,-34,13.25,100.0,1781075105.532035,1781075105.6148212
37,-34,13.75,100.0,1781075106.53911,1781075106.6352692
38,-34,13.25,100.0,1781075107.5452921,1781075107.6478121
39,-34,13.75,100.0,1781075108.552452,1781075108.661834
40,-34,13.0,100.0,1781075109.557524,1781075109.666228
41,-35,13.75,100.0,1781075110.5606441,1781075110.69027
42,-42,13.5,100.0,1781075111.564074,1781075111.696875
43,-34,14.0,100.0,1781075112.5707781,1781075112.693898
44,-36,12.5,100.0,1781075113.5730891,1781075113.700907
45,-36,13.5,100.0,1781075114.577315,1781075114.71554
46,-45,13.75,100.0,1781075115.5846841,1781075115.727958
47,-38,12.25,100.0,1781075116.588597,1781075116.736279
48,-43,13.5,100.0,1781075117.595402,1781075117.750741
49,-41,13.75,100.0,1781075118.599543,1781075118.753456
50,-43,13.5,100.0,1781075119.606276,1781075119.767364
51,-40,12.75,100.0,1781075120.61339,1781075120.773382
52,-41,13.5,100.0,1781075121.620537,1781075121.7953641
53,-42,13.25,100.0,1781075122.6276412,1781075122.718095
54,-40,13.5,100.0,1781075123.632961,1781075123.730565
55,-42,12.75,100.0,1781075124.640039,1781075124.735244
1,-88,8.75,100.0,1781078976.73683,1781078977.1610072
2,-88,9.25,100.0,1781078977.746968,1781078978.093338
3,-89,8.0,100.0,1781078978.754237,1781078979.102473
4,-89,3.0,80.0,1781078979.760791,1781078980.112362
5,-90,7.75,100.0,1781078980.767877,1781078981.126633
6,-90,1.75,71.7,1781078981.775012,1781078982.134945
7,-89,8.0,100.0,1781078982.782374,1781078983.156683
8,-88,9.5,100.0,1781078983.789752,1781078984.152538
9,-89,9.0,100.0,1781078984.7972531,1781078985.165476
10,-88,7.75,100.0,1781078985.804405,1781078986.169322
11,-90,7.25,100.0,1781078986.8115149,1781078987.1923141
12,-87,10.0,100.0,1781078987.815131,1781078988.206753
13,-87,9.0,100.0,1781078988.817742,1781078989.219462
14,-87,9.75,100.0,1781078989.824828,1781078990.2267451
15,-86,10.0,100.0,1781078990.831977,1781078991.2375948
16,-87,8.25,100.0,1781078991.8342788,1781078992.167565
17,-90,4.25,88.3,1781078992.8406742,1781078993.181344
18,-87,8.75,100.0,1781078993.843903,1781078994.190069
19,-87,9.5,100.0,1781078994.851229,1781078995.2046149
20,-89,6.75,100.0,1781078995.8550599,1781078996.2198179
21,-88,8.0,100.0,1781078996.858602,1781078997.232748
22,-88,8.25,100.0,1781078997.8614469,1781078998.2335281
23,-90,6.75,100.0,1781078998.868808,1781078999.2377548
24,-88,9.25,100.0,1781078999.872551,1781079000.246235
25,-87,9.75,100.0,1781079000.875037,1781079001.260635
26,-87,10.5,100.0,1781079001.882219,1781079002.259454
27,-88,8.0,100.0,1781079002.8878021,1781079003.271992
28,-88,8.75,100.0,1781079003.894892,1781079004.289443
29,-88,9.0,100.0,1781079004.899404,1781079005.3013709
30,-89,9.25,100.0,1781079005.906594,1781079006.312743
31,-89,5.5,96.7,1781079006.9129689,1781079007.318198
32,-97,0.5,63.3,1781079007.920146,1781079008.3294148
35,-92,1.75,71.7,1781079010.933811,1781079011.2716942
36,-93,4.75,91.7,1781079011.939817,1781079012.273804
37,-93,5.0,93.3,1781079012.9469109,1781079013.2952561
38,-92,6.0,100.0,1781079013.954129,1781079014.314066
39,-90,6.5,100.0,1781079014.9580522,1781079015.3216152
40,-94,2.75,78.3,1781079015.96527,1781079016.321227
42,-91,6.0,100.0,1781079017.9793868,1781079018.34272
44,-94,3.75,85.0,1781079019.991626,1781079020.370722
45,-95,0.75,65.0,1781079020.998802,1781079021.384661
47,-88,8.75,100.0,1781079023.005097,1781079023.3875892
48,-87,9.5,100.0,1781079024.007647,1781079024.4081888
49,-91,5.75,98.3,1781079025.012415,1781079025.4240232
50,-92,6.0,100.0,1781079026.015975,1781079026.353477
51,-85,7.25,100.0,1781079027.0184262,1781079027.368874
52,-88,7.75,100.0,1781079028.02272,1781079028.382197
53,-89,7.25,100.0,1781079029.0306182,1781079029.397428
54,-88,7.25,100.0,1781079030.0338519,1781079030.406115
55,-90,4.75,91.7,1781079031.0383801,1781079031.414742
56,-86,8.75,100.0,1781079032.040579,1781079032.421799
57,-88,6.0,100.0,1781079033.042887,1781079033.437269
58,-88,6.0,100.0,1781079034.048913,1781079034.4511812
59,-89,5.25,95.0,1781079035.0510771,1781079035.384793
60,-88,5.0,93.3,1781079036.058335,1781079036.404154
61,-87,7.25,100.0,1781079037.064445,1781079037.8454242
62,-87,4.75,91.7,1781079038.072278,1781079038.434985
63,-88,7.75,100.0,1781079039.078523,1781079039.447216
64,-88,8.0,100.0,1781079040.0861042,1781079040.458345
65,-89,7.5,100.0,1781079041.093533,1781079041.474138
66,-87,9.0,100.0,1781079042.09759,1781079042.481524
67,-87,9.25,100.0,1781079043.103443,1781079043.488323
68,-84,10.0,100.0,1781079044.1061819,1781079044.4993339
69,-87,8.25,100.0,1781079045.112437,1781079045.4999099
70,-85,7.5,100.0,1781079046.1164422,1781079046.5169039
71,-86,9.25,100.0,1781079047.122453,1781079047.520739
72,-88,9.75,100.0,1781079048.129462,1781079048.530741
73,-88,6.0,100.0,1781079049.135315,1781079049.5468092
74,-88,7.75,100.0,1781079050.142842,1781079050.555681
75,-86,8.0,100.0,1781079051.1495411,1781079051.48823
76,-85,9.5,100.0,1781079052.156577,1781079052.5014348
77,-88,8.25,100.0,1781079053.1637309,1781079053.505488
78,-86,7.75,100.0,1781079054.1709921,1781079054.518216
79,-88,6.25,100.0,1781079055.1739829,1781079055.5327418
80,-89,4.0,86.7,1781079056.181365,1781079056.5444522
81,-90,5.0,93.3,1781079057.186626,1781079057.553409
82,-90,0.75,65.0,1781079058.189328,1781079058.5655801
83,-87,8.0,100.0,1781079059.192002,1781079059.5692
84,-86,7.75,100.0,1781079060.1973271,1781079060.5662029
85,-86,8.75,100.0,1781079061.203657,1781079061.58992
86,-87,8.5,100.0,1781079062.2109382,1781079062.5998259
87,-88,4.75,91.7,1781079063.21808,1781079063.61679
88,-94,-0.5,56.7,1781079064.225487,1781079064.630432
89,-90,3.25,81.7,1781079065.23255,1781079065.640262
90,-92,4.5,90.0,1781079066.2396538,1781079066.647611
91,-92,4.5,90.0,1781079067.244344,1781079067.653645
92,-89,6.25,100.0,1781079068.248039,1781079068.665445
93,-90,6.25,100.0,1781079069.255347,1781079069.596297
94,-89,7.5,100.0,1781079070.261655,1781079070.598342
95,-96,0.0,60.0,1781079071.2687109,1781079071.6156201
96,-89,6.5,100.0,1781079072.275792,1781079072.707146
97,-90,6.0,100.0,1781079073.277958,1781079073.644901
98,-87,8.0,100.0,1781079074.284225,1781079074.6594272
99,-87,8.25,100.0,1781079075.291394,1781079075.6638641
100,-87,8.5,100.0,1781079076.294637,1781079076.6791139
101,-92,3.25,81.7,1781079077.301864,1781079077.690766
102,-92,3.25,81.7,1781079078.309429,1781079078.6882079
103,-89,7.5,100.0,1781079079.3141491,1781079079.6975
104,-90,7.75,100.0,1781079080.3216,1781079080.706388
105,-90,7.25,100.0,1781079081.328969,1781079081.705719
106,-85,10.0,100.0,1781079082.3360388,1781079082.706424
107,-89,7.75,100.0,1781079083.343105,1781079083.712963
108,-86,9.5,100.0,1781079084.345118,1781079084.723168
109,-87,9.5,100.0,1781079085.3512902,1781079085.727145
110,-89,7.75,100.0,1781079086.353333,1781079086.738307
111,-88,5.0,93.3,1781079087.359502,1781079087.74944
112,-88,9.5,100.0,1781079088.363322,1781079088.76228
113,-89,4.25,88.3,1781079089.36659,1781079089.769293
114,-88,8.25,100.0,1781079090.3688278,1781079090.7812228
115,-89,8.25,100.0,1781079091.3765068,1781079091.792799
116,-85,11.0,100.0,1781079092.3802109,1781079092.791322
117,-88,9.25,100.0,1781079093.387525,1781079093.79696
118,-87,8.0,100.0,1781079094.39027,1781079094.807016
119,-85,10.5,100.0,1781079095.392155,1781079096.4785862
120,-88,8.75,100.0,1781079096.395416,1781079096.906021
121,-86,8.25,100.0,1781079097.4029791,1781079097.7470999
122,-86,9.5,100.0,1781079098.413667,1781079098.8313432
123,-86,9.0,100.0,1781079099.414916,1781079099.750914
124,-87,9.0,100.0,1781079100.4180212,1781079100.762455
125,-89,7.75,100.0,1781079101.4250119,1781079101.7817369
126,-90,6.5,100.0,1781079102.432251,1781079102.863293
127,-94,1.0,66.7,1781079103.438677,1781079103.796312
128,-94,2.75,78.3,1781079104.4457521,1781079104.804375
129,-94,1.25,68.3,1781079105.452878,1781079105.80866
130,-97,-2.0,46.7,1781079106.460145,1781079106.8138702
131,-91,5.25,95.0,1781079107.467388,1781079107.9043672
132,-89,6.5,100.0,1781079108.4747021,1781079109.748363
133,-90,4.75,91.7,1781079109.482065,1781079110.511967
135,-90,5.0,93.3,1781079111.496661,1781079112.012553
136,-90,6.25,100.0,1781079112.5034418,1781079112.9278238
137,-88,7.75,100.0,1781079113.505611,1781079113.847518
138,-93,1.5,70.0,1781079114.51229,1781079114.849847
139,-93,1.5,70.0,1781079115.516217,1781079115.934334
140,-92,1.5,70.0,1781079116.5201821,1781079116.933501
141,-94,1.75,71.7,1781079117.527633,1781079117.93654
142,-94,4.5,90.0,1781079118.5303738,1781079118.9448042
143,-92,3.0,80.0,1781079119.5381708,1781079119.944312
144,-86,10.5,100.0,1781079120.545818,1781079120.9601338
145,-88,8.75,100.0,1781079121.552554,1781079121.8922482
146,-93,0.5,63.3,1781079122.557183,1781079122.906128
149,-95,1.0,66.7,1781079125.574521,1781079126.66
150,-92,4.0,86.7,1781079126.577715,1781079127.2465122
151,-90,7.25,100.0,1781079127.583255,1781079127.9996061
152,-89,8.75,100.0,1781079128.585661,1781079129.008065
153,-91,3.5,83.3,1781079129.592733,1781079130.008766
154,-88,8.25,100.0,1781079130.5958478,1781079131.5877151
155,-88,6.5,100.0,1781079131.6030889,1781079132.2584891
156,-90,5.25,95.0,1781079132.607488,1781079133.013315
157,-92,2.75,78.3,1781079133.615268,1781079134.767103
158,-89,7.5,100.0,1781079134.618148,1781079135.772869
160,-91,7.25,100.0,1781079136.629587,1781079137.027073
161,-89,9.25,100.0,1781079137.6319182,1781079138.033428
162,-95,2.5,76.7,1781079138.636095,1781079139.0405602
164,-93,2.75,78.3,1781079140.6389902,1781079141.0529869
166,-91,5.0,93.3,1781079142.649654,1781079143.72217
167,-93,2.5,76.7,1781079143.657226,1781079144.229384
168,-94,-1.0,53.3,1781079144.664651,1781079145.0711539
170,-94,0.25,61.7,1781079146.672145,1781079147.0792801
172,-97,-4.5,30.0,1781079148.683376,1781079149.415308
173,-93,2.0,73.3,1781079149.688189,1781079150.087958
175,-93,3.25,81.7,1781079151.6989172,1781079152.4176939
177,-94,0.5,63.3,1781079153.707358,1781079154.0841432
180,-95,2.0,73.3,1781079156.720287,1781079157.086123
181,-92,4.25,88.3,1781079157.727849,1781079158.094321
182,-89,7.5,100.0,1781079158.7349389,1781079159.1016681
183,-92,4.5,90.0,1781079159.742486,1781079160.1117299
184,-92,3.75,85.0,1781079160.745261,1781079161.115069
185,-95,0.0,60.0,1781079161.7528598,1781079162.126158
187,-93,2.5,76.7,1781079163.763201,1781079164.130065
188,-94,1.0,66.7,1781079164.770596,1781079165.1331992
189,-91,5.25,95.0,1781079165.7757492,1781079166.1364639
190,-91,6.25,100.0,1781079166.7825978,1781079167.132103
191,-93,4.25,88.3,1781079167.7838159,1781079168.135069
192,-91,6.0,100.0,1781079168.787114,1781079169.141002
194,-94,2.5,76.7,1781079170.796139,1781079171.146
196,-94,1.75,71.7,1781079172.805459,1781079173.146774
197,-95,-0.25,58.3,1781079173.8091872,1781079174.151003
198,-91,2.0,73.3,1781079174.8142269,1781079175.169135
199,-92,3.5,83.3,1781079175.8200698,1781079176.252039
200,-95,-2.0,46.7,1781079176.827439,1781079177.16904
201,-94,-1.0,53.3,1781079177.831934,1781079178.178807
202,-94,3.5,83.3,1781079178.8390489,1781079179.188994
203,-97,-2.75,41.7,1781079179.8459258,1781079180.197498
204,-92,3.75,85.0,1781079180.8519318,1781079181.2162938
205,-90,5.75,98.3,1781079181.858335,1781079182.213802
206,-92,3.5,83.3,1781079182.86172,1781079183.795476
208,-92,5.25,95.0,1781079184.870908,1781079185.294846
209,-89,7.5,100.0,1781079185.878446,1781079186.294778
210,-85,9.5,100.0,1781079186.880971,1781079188.2075431
211,-91,3.5,83.3,1781079187.883549,1781079188.799335
212,-92,3.0,80.0,1781079188.8911428,1781079189.390762
213,-91,3.25,81.7,1781079189.897281,1781079190.3100889
214,-90,4.75,91.7,1781079190.9046552,1781079191.3213902
215,-89,6.75,100.0,1781079191.907663,1781079192.321381
216,-92,3.25,81.7,1781079192.910652,1781079193.3304708
217,-92,5.25,95.0,1781079193.913125,1781079194.328841
218,-91,5.75,98.3,1781079194.917568,1781079195.3385391
220,-90,6.0,100.0,1781079196.9268181,1781079197.333427
221,-89,7.25,100.0,1781079197.9311209,1781079199.5103948
222,-90,3.75,85.0,1781079198.9375029,1781079199.934247
223,-91,2.5,76.7,1781079199.944587,1781079201.618111
224,-92,3.5,83.3,1781079200.951906,1781079202.209347
225,-88,8.5,100.0,1781079201.959136,1781079202.893012
226,-85,7.5,100.0,1781079202.96283,1781079203.311599
227,-87,8.25,100.0,1781079203.969814,1781079204.319155
228,-88,6.0,100.0,1781079204.977107,1781079205.328599
232,-89,6.0,100.0,1781079208.9894452,1781079209.406759
233,-89,6.0,100.0,1781079209.991261,1781079210.40834
234,-86,9.0,100.0,1781079210.9982421,1781079211.407809
235,-87,9.0,100.0,1781079212.002968,1781079212.4142249
236,-88,7.5,100.0,1781079213.010578,1781079213.4163032
237,-88,8.0,100.0,1781079214.015396,1781079214.4295108
238,-91,5.75,98.3,1781079215.0226612,1781079215.429437
239,-88,7.75,100.0,1781079216.027681,1781079216.4390981
240,-90,6.5,100.0,1781079217.035361,1781079217.446487
241,-92,3.5,83.3,1781079218.04272,1781079218.455081
242,-88,7.25,100.0,1781079219.049865,1781079219.456105
243,-89,6.5,100.0,1781079220.0547981,1781079220.460017
244,-91,5.25,95.0,1781079221.0574,1781079221.463468
245,-91,4.0,86.7,1781079222.062429,1781079222.4646761
246,-92,4.25,88.3,1781079223.0671391,1781079223.472318
247,-94,1.5,70.0,1781079224.0694468,1781079224.481846
248,-94,-1.25,51.7,1781079225.072195,1781079225.48832
249,-95,0.25,61.7,1781079226.079916,1781079226.496323
250,-94,2.5,76.7,1781079227.084368,1781079227.497149
252,-96,-3.0,40.0,1781079229.0996459,1781079229.4989288
253,-90,6.25,100.0,1781079230.1036742,1781079231.9228811
254,-88,7.5,100.0,1781079231.1105468,1781079232.513911
255,-94,-0.25,58.3,1781079232.1177,1781079233.857408
256,-92,3.0,80.0,1781079233.1211672,1781079235.109042
257,-91,2.5,76.7,1781079234.126998,1781079235.524349
258,-92,3.25,81.7,1781079235.13432,1781079236.7813172
259,-91,3.75,85.0,1781079236.136735,1781079237.4571788
260,-91,3.75,85.0,1781079237.1442099,1781079238.133722
261,-92,1.5,70.0,1781079238.149941,1781079238.557358
262,-88,8.0,100.0,1781079239.151757,1781079239.56478
263,-91,4.75,91.7,1781079240.159081,1781079240.574188
264,-90,1.25,68.3,1781079241.1630158,1781079241.56806
265,-93,0.25,61.7,1781079242.169344,1781079242.575715
266,-90,4.5,90.0,1781079243.176916,1781079244.248702
267,-91,5.0,93.3,1781079244.180214,1781079244.8415139
270,-91,6.5,100.0,1781079247.199321,1781079247.598113
272,-94,0.75,65.0,1781079249.213637,1781079249.601181
273,-89,6.25,100.0,1781079250.219135,1781079250.617197
274,-95,1.0,66.7,1781079251.2212632,1781079252.205421
275,-92,4.25,88.3,1781079252.224133,1781079252.964837
277,-95,0.25,61.7,1781079254.238936,1781079255.383708
281,-88,7.75,100.0,1781079258.274134,1781079260.134976
282,-90,6.25,100.0,1781079259.281378,1781079261.4720519
283,-91,7.0,100.0,1781079260.283653,1781079262.395285
284,-90,7.75,100.0,1781079261.291052,1781079262.898148
285,-90,7.75,100.0,1781079262.298103,1781079263.48739
286,-91,7.25,100.0,1781079263.305214,1781079264.246027
287,-91,6.75,100.0,1781079264.3116758,1781079265.006621
288,-92,2.0,73.3,1781079265.318586,1781079266.437637
289,-92,4.75,91.7,1781079266.324948,1781079267.0279481
290,-94,1.25,68.3,1781079267.3321211,1781079267.696365
291,-97,-4.0,33.3,1781079268.339536,1781079268.70062
292,-93,0.75,65.0,1781079269.34681,1781079269.703021
293,-89,5.25,95.0,1781079270.3543448,1781079270.711761
294,-94,3.25,81.7,1781079271.361671,1781079271.716238
295,-93,5.25,95.0,1781079272.368875,1781079272.804239
296,-92,5.25,95.0,1781079273.3761978,1781079274.652302
299,-88,8.25,100.0,1781079276.392589,1781079276.738805
300,-88,9.25,100.0,1781079277.398891,1781079277.74595
301,-92,4.0,86.7,1781079278.4063911,1781079278.7540748
302,-90,7.25,100.0,1781079279.411826,1781079279.7669
303,-88,8.75,100.0,1781079280.4189298,1781079280.766509
304,-87,8.75,100.0,1781079281.42719,1781079281.84506
305,-89,7.5,100.0,1781079282.4343271,1781079282.8495219
306,-85,9.0,100.0,1781079283.436667,1781079283.853634
307,-84,10.75,100.0,1781079284.439575,1781079284.863894
308,-83,9.75,100.0,1781079285.446757,1781079285.871396
309,-89,6.75,100.0,1781079286.4512682,1781079286.799542
310,-88,4.75,91.7,1781079287.458434,1781079287.8046231
311,-90,6.0,100.0,1781079288.4659898,1781079288.8900118
312,-88,8.75,100.0,1781079289.468929,1781079289.814512
313,-90,6.25,100.0,1781079290.4719841,1781079290.823078
315,-96,-0.5,56.7,1781079292.480394,1781079292.8985758
317,-92,5.0,93.3,1781079294.490187,1781079294.9000971
318,-93,5.25,95.0,1781079295.493382,1781079295.908195
319,-87,7.25,100.0,1781079296.498563,1781079296.909438
320,-96,-0.75,55.0,1781079297.503938,1781079297.92004
321,-91,2.25,75.0,1781079298.509155,1781079298.915304
322,-92,4.5,90.0,1781079299.514333,1781079299.9224021
323,-92,4.25,88.3,1781079300.518017,1781079300.913994
324,-90,5.5,96.7,1781079301.524401,1781079301.9105878
325,-91,5.0,93.3,1781079302.5280719,1781079302.918029
326,-92,5.0,93.3,1781079303.530227,1781079303.921692
327,-92,3.75,85.0,1781079304.53548,1781079304.926854
328,-89,5.75,98.3,1781079305.5425532,1781079305.9431329
329,-88,6.75,100.0,1781079306.545744,1781079306.946618
330,-92,3.25,81.7,1781079307.552866,1781079307.953481
331,-89,7.25,100.0,1781079308.5600681,1781079308.967299
332,-90,1.5,70.0,1781079309.562409,1781079309.964554
333,-90,5.75,98.3,1781079310.5695832,1781079310.964531
334,-93,1.0,66.7,1781079311.573719,1781079311.969971
335,-90,4.75,91.7,1781079312.580975,1781079312.980235
336,-91,4.0,86.7,1781079313.5880508,1781079313.980032
338,-89,5.75,98.3,1781079315.602835,1781079315.981807
339,-89,6.5,100.0,1781079316.6099432,1781079316.987367
340,-91,4.0,86.7,1781079317.612061,1781079317.9985752
341,-87,5.5,96.7,1781079318.614348,1781079319.006131
344,-88,6.5,100.0,1781079321.627441,1781079322.0125802
345,-89,3.5,83.3,1781079322.634613,1781079323.020421
346,-92,1.25,68.3,1781079323.6421099,1781079324.032585
347,-88,4.0,86.7,1781079324.6494489,1781079325.027764
348,-89,2.75,78.3,1781079325.656841,1781079326.03131
349,-86,5.5,96.7,1781079326.664015,1781079327.042304
351,-92,2.5,76.7,1781079328.67294,1781079329.0442529
352,-89,6.0,100.0,1781079329.680429,1781079330.0344708
353,-88,4.25,88.3,1781079330.6858728,1781079331.04687
354,-87,5.5,96.7,1781079331.6888409,1781079332.047969
355,-88,6.75,100.0,1781079332.691071,1781079333.049556
356,-88,4.0,86.7,1781079333.697407,1781079334.1457732
357,-88,3.75,85.0,1781079334.7046149,1781079335.074094
358,-88,5.5,96.7,1781079335.711941,1781079336.072153
359,-86,7.75,100.0,1781079336.719201,1781079337.078144
360,-86,8.0,100.0,1781079337.722613,1781079338.157584
361,-85,8.75,100.0,1781079338.730248,1781079339.083209
362,-86,8.5,100.0,1781079339.737581,1781079340.089775
363,-86,8.0,100.0,1781079340.7398772,1781079341.101774
364,-85,9.0,100.0,1781079341.7470798,1781079342.114771
365,-87,6.5,100.0,1781079342.751966,1781079343.127392
366,-88,6.75,100.0,1781079343.754264,1781079344.123395
367,-86,8.75,100.0,1781079344.7576609,1781079345.1293151
368,-88,7.0,100.0,1781079345.764152,1781079346.1374788
369,-89,6.5,100.0,1781079346.768627,1781079347.2186089
370,-89,5.75,98.3,1781079347.77503,1781079348.1449542
371,-89,6.25,100.0,1781079348.779242,1781079349.147845
373,-89,6.25,100.0,1781079350.7879329,1781079351.1545558
374,-92,4.75,91.7,1781079351.795229,1781079352.16359
375,-93,2.25,75.0,1781079352.8005052,1781079353.1729999
377,-93,2.25,75.0,1781079354.810675,1781079355.1805482
378,-90,6.0,100.0,1781079355.813809,1781079356.1834428
379,-89,6.5,100.0,1781079356.817419,1781079357.19593
380,-87,7.75,100.0,1781079357.822486,1781079358.203635
381,-88,7.75,100.0,1781079358.829403,1781079359.203294
382,-94,1.5,70.0,1781079359.830673,1781079360.288327
383,-89,5.5,96.7,1781079360.8342662,1781079361.210124
384,-88,8.75,100.0,1781079361.8414998,1781079362.217175
385,-92,4.25,88.3,1781079362.8473542,1781079363.2151418
386,-94,1.0,66.7,1781079363.854528,1781079364.298687
387,-93,1.5,70.0,1781079364.8617,1781079365.229343
388,-91,3.25,81.7,1781079365.8689752,1781079366.2280781
389,-93,2.75,78.3,1781079366.876373,1781079367.23349
390,-90,6.0,100.0,1781079367.8801699,1781079368.246391
391,-92,3.25,81.7,1781079368.884337,1781079369.258788
392,-89,6.75,100.0,1781079369.886882,1781079370.26683
393,-90,6.0,100.0,1781079370.894258,1781079371.2807949
394,-87,7.0,100.0,1781079371.8970282,1781079372.28564
395,-88,5.5,96.7,1781079372.9002728,1781079373.2917151
396,-88,7.75,100.0,1781079373.9047968,1781079374.3054998
397,-87,8.25,100.0,1781079374.910188,1781079375.3047721
398,-87,7.25,100.0,1781079375.9175448,1781079376.313401
399,-87,6.0,100.0,1781079376.920266,1781079377.310875
400,-87,7.0,100.0,1781079377.923746,1781079378.314532
1,-89,6.25,100.0,1781079435.1299672,1781079435.5373719
2,-91,4.5,90.0,1781079435.6398861,1781079436.0524218
4,-91,4.5,90.0,1781079436.654368,1781079437.074326
5,-91,3.75,85.0,1781079437.1592588,1781079437.581124
6,-90,5.0,93.3,1781079437.660416,1781079438.091527
7,-89,1.25,68.3,1781079438.162091,1781079438.52422
9,-89,2.25,75.0,1781079439.1659992,1781079439.5313091
10,-88,2.0,73.3,1781079439.673086,1781079440.123552
12,-91,4.25,88.3,1781079440.684512,1781079441.232137
13,-87,5.25,95.0,1781079441.191838,1781079441.9058402
14,-89,5.75,98.3,1781079441.69921,1781079442.417995
15,-89,7.0,100.0,1781079442.203419,1781079443.086868
17,-94,2.0,73.3,1781079443.217819,1781079443.933393
18,-89,6.25,100.0,1781079443.724949,1781079444.527485
19,-89,5.75,98.3,1781079444.232213,1781079445.030643
20,-87,6.5,100.0,1781079444.735477,1781079445.6331048
21,-88,6.75,100.0,1781079445.237931,1781079446.3021162
22,-89,6.0,100.0,1781079445.7455628,1781079446.971436
23,-87,7.25,100.0,1781079446.252977,1781079447.398935
24,-86,8.5,100.0,1781079446.760114,1781079447.912082
25,-89,4.75,91.7,1781079447.267375,1781079448.4163682
26,-89,5.0,93.3,1781079447.7713711,1781079448.752992
27,-88,6.0,100.0,1781079448.2736158,1781079449.0907001
28,-88,6.75,100.0,1781079448.7808561,1781079449.6036322
29,-87,7.0,100.0,1781079449.2874491,1781079450.0300102
30,-88,6.5,100.0,1781079449.794794,1781079450.4627619
31,-86,8.25,100.0,1781079450.302254,1781079450.800755
32,-87,7.0,100.0,1781079450.808377,1781079451.4742332
33,-89,5.75,98.3,1781079451.314519,1781079451.9834292
34,-88,7.25,100.0,1781079451.816146,1781079452.578974
35,-88,6.0,100.0,1781079452.318175,1781079453.18001
36,-90,5.0,93.3,1781079452.819843,1781079453.7674189
37,-90,5.5,96.7,1781079453.326932,1781079454.20001
38,-89,6.25,100.0,1781079453.833791,1781079454.798378
39,-89,5.75,98.3,1781079454.3354309,1781079455.228742
40,-89,6.25,100.0,1781079454.842505,1781079455.906291
41,-86,8.25,100.0,1781079455.3497012,1781079456.336865
42,-89,4.75,91.7,1781079455.857059,1781079456.9305432
43,-91,4.5,90.0,1781079456.364366,1781079457.52218
44,-91,4.75,91.7,1781079456.869195,1781079457.949585
45,-91,4.75,91.7,1781079457.371519,1781079458.5392761
46,-88,7.75,100.0,1781079457.8787358,1781079458.9714959
47,-86,8.75,100.0,1781079458.386065,1781079459.5640981
48,-89,7.0,100.0,1781079458.8935108,1781079459.989964
49,-91,5.25,95.0,1781079459.3971531,1781079460.582486
50,-89,6.25,100.0,1781079459.902345,1781079461.011075
51,-88,7.25,100.0,1781079460.407852,1781079461.347508
52,-89,6.5,100.0,1781079460.916367,1781079461.9383721
53,-89,7.25,100.0,1781079461.418896,1781079462.4498959
54,-88,8.0,100.0,1781079461.926271,1781079462.7879171
55,-87,8.75,100.0,1781079462.4337869,1781079463.298372
56,-88,8.25,100.0,1781079462.936532,1781079463.807182
57,-89,6.25,100.0,1781079463.443918,1781079464.400861
58,-89,6.75,100.0,1781079463.946899,1781079464.988877
59,-93,2.75,78.3,1781079464.453752,1781079465.58022
60,-93,2.0,73.3,1781079464.9551418,1781079466.258493
61,-91,1.5,70.0,1781079465.45682,1781079466.769484
62,-90,5.5,96.7,1781079465.9639108,1781079467.2820292
63,-92,3.25,81.7,1781079466.471037,1781079467.874878
64,-92,4.5,90.0,1781079466.978188,1781079468.552086
65,-92,4.25,88.3,1781079467.4805791,1781079469.2295759
66,-89,7.5,100.0,1781079467.982229,1781079469.6592782
67,-88,8.25,100.0,1781079468.489366,1781079470.2446249
68,-87,8.5,100.0,1781079468.995562,1781079470.7568388
69,-86,8.25,100.0,1781079469.50317,1781079471.3525472
70,-86,8.75,100.0,1781079470.006356,1781079471.696767
71,-89,6.75,100.0,1781079470.512705,1781079472.292845
72,-86,8.75,100.0,1781079471.016351,1781079472.9642382
73,-86,9.0,100.0,1781079471.523608,1781079473.389141
74,-90,5.75,98.3,1781079472.03086,1781079474.0641658
75,-93,2.75,78.3,1781079472.538312,1781079474.7392159
76,-90,5.75,98.3,1781079473.0455968,1781079475.165168
77,-89,5.5,96.7,1781079473.551109,1781079475.843013
78,-89,6.25,100.0,1781079474.058408,1781079476.181372
79,-89,6.75,100.0,1781079474.561611,1781079476.851507
80,-92,3.25,81.7,1781079475.066564,1781079477.200037
81,-91,4.0,86.7,1781079475.573525,1781079477.627266
83,-94,2.0,73.3,1781079476.585174,1781079478.721534
84,-93,2.25,75.0,1781079477.094075,1781079479.234284
85,-93,3.0,80.0,1781079477.601175,1781079479.6619232
87,-91,5.5,96.7,1781079478.607904,1781079480.7573729
88,-91,4.25,88.3,1781079479.1116748,1781079481.350058
91,-93,-1.25,51.7,1781079480.6267729,1781079482.690243
92,-91,4.25,88.3,1781079481.128334,1781079483.366487
93,-87,8.5,100.0,1781079481.63386,1781079483.96047
94,-94,1.5,70.0,1781079482.140933,1781079484.470473
95,-95,-0.75,55.0,1781079482.648187,1781079484.892425
96,-95,0.75,65.0,1781079483.1508212,1781079485.48302
97,-93,4.0,86.7,1781079483.6530812,1781079486.0700061
99,-93,2.75,78.3,1781079484.667547,1781079487.013136
101,-90,5.5,96.7,1781079485.688297,1781079488.024841
102,-90,6.0,100.0,1781079486.1943328,1781079488.6087549
103,-92,4.5,90.0,1781079486.701547,1781079489.032428
104,-94,4.25,88.3,1781079487.20688,1781079489.455751
105,-95,2.0,73.3,1781079487.7141418,1781079489.957151
106,-93,4.25,88.3,1781079488.221507,1781079490.549567
107,-93,5.25,95.0,1781079488.728989,1781079491.229085
108,-97,-1.0,53.3,1781079489.234931,1781079491.650261
109,-98,-2.5,43.3,1781079489.743553,1781079492.078507
110,-95,2.5,76.7,1781079490.250968,1781079492.664156
111,-93,4.0,86.7,1781079490.758621,1781079493.090184
112,-93,4.5,90.0,1781079491.265996,1781079493.515011
113,-90,3.25,81.7,1781079491.768339,1781079494.18852
116,-92,4.5,90.0,1781079493.276054,1781079495.873438
117,-93,3.5,83.3,1781079493.777282,1781079496.4605749
118,-95,-0.25,58.3,1781079494.278636,1781079497.134364
119,-92,0.5,63.3,1781079494.780076,1781079497.5526998
120,-92,2.25,75.0,1781079495.28173,1781079497.971041
121,-92,2.75,78.3,1781079495.7889512,1781079498.317098
122,-89,5.75,98.3,1781079496.2962382,1781079498.742243
123,-90,5.0,93.3,1781079496.8033018,1781079499.1714828
125,-88,5.5,96.7,1781079497.815951,1781079500.1791139
126,-92,0.5,63.3,1781079498.323155,1781079500.602946
127,-92,3.75,85.0,1781079498.830463,1781079501.280561
128,-95,-0.25,58.3,1781079499.3333051,1781079501.866187
129,-95,-0.5,56.7,1781079499.8403132,1781079502.205888
132,-91,4.25,88.3,1781079501.362205,1781079503.9817002
133,-91,5.5,96.7,1781079501.864866,1781079504.4907022
134,-91,5.75,98.3,1781079502.368829,1781079504.9110029
135,-92,4.0,86.7,1781079502.8712478,1781079505.588792
137,-92,3.25,81.7,1781079503.8854568,1781079506.784436
138,-87,7.75,100.0,1781079504.391624,1781079507.373246
139,-88,6.75,100.0,1781079504.8988721,1781079508.131884
140,-91,4.5,90.0,1781079505.404416,1781079508.6373172
141,-88,6.25,100.0,1781079505.9108,1781079509.226325
142,-91,4.5,90.0,1781079506.414023,1781079509.9813519
143,-92,4.25,88.3,1781079506.917015,1781079510.57108
146,-95,1.5,70.0,1781079508.421612,1781079512.252735
147,-88,8.25,100.0,1781079508.923473,1781079512.6813
148,-88,8.5,100.0,1781079509.4272902,1781079513.1917639
149,-88,8.75,100.0,1781079509.9337869,1781079513.539211
150,-90,5.25,95.0,1781079510.441346,1781079513.956734
151,-91,4.0,86.7,1781079510.9436889,1781079514.299157
152,-90,5.25,95.0,1781079511.4463959,1781079515.154419
153,-91,5.5,96.7,1781079511.9516459,1781079515.750344
154,-90,7.0,100.0,1781079512.455987,1781079516.4308312
155,-88,8.25,100.0,1781079512.9608362,1781079516.9424908
156,-90,7.0,100.0,1781079513.465759,1781079517.288401
157,-89,8.25,100.0,1781079513.970273,1781079517.966444
158,-89,8.5,100.0,1781079514.474994,1781079518.3926752
159,-89,7.25,100.0,1781079514.981189,1781079518.728791
160,-90,5.75,98.3,1781079515.485163,1781079519.316559
161,-91,6.5,100.0,1781079515.987068,1781079519.9092312
162,-91,5.5,96.7,1781079516.4943511,1781079520.4976058
163,-92,4.75,91.7,1781079516.999037,1781079520.9206028
164,-90,7.0,100.0,1781079517.5034392,1781079521.433158
165,-92,5.5,96.7,1781079518.008354,1781079522.020438
166,-91,7.25,100.0,1781079518.513033,1781079522.6096718
167,-90,6.75,100.0,1781079519.0155368,1781079523.2823071
168,-89,7.5,100.0,1781079519.516875,1781079523.784829
169,-89,7.25,100.0,1781079520.022866,1781079524.3698602
170,-89,8.25,100.0,1781079520.53006,1781079524.715352
171,-90,6.25,100.0,1781079521.034144,1781079525.3117938
172,-91,5.25,95.0,1781079521.535587,1781079525.891851
173,-92,5.25,95.0,1781079522.039961,1781079526.234057
174,-93,3.5,83.3,1781079522.543196,1781079526.661438
175,-92,5.5,96.7,1781079523.047315,1781079527.253773
176,-93,3.0,80.0,1781079523.551975,1781079527.9377978
177,-93,3.75,85.0,1781079524.0583029,1781079528.530625
178,-92,4.25,88.3,1781079524.5614579,1781079529.125321
179,-92,4.0,86.7,1781079525.0666082,1781079529.715497
180,-92,4.75,91.7,1781079525.572802,1781079530.140246
181,-90,4.0,86.7,1781079526.077278,1781079530.554485
182,-90,6.25,100.0,1781079526.584594,1781079530.981639
183,-92,3.75,85.0,1781079527.0918322,1781079531.320657
186,-90,3.0,80.0,1781079528.606035,1781079532.901346
187,-92,2.25,75.0,1781079529.110141,1781079533.496193
189,-92,1.0,66.7,1781079530.119912,1781079534.684119
191,-93,-0.25,58.3,1781079531.1288881,1781079535.607677
192,-91,5.0,93.3,1781079531.6319082,1781079536.282393
193,-92,4.5,90.0,1781079532.137613,1781079536.865153
194,-94,1.75,71.7,1781079532.6406882,1781079537.454504
195,-92,4.75,91.7,1781079533.148214,1781079538.21293
196,-90,5.5,96.7,1781079533.6519308,1781079538.7214432
197,-89,5.0,93.3,1781079534.15418,1781079539.4058769
198,-90,3.25,81.7,1781079534.656589,1781079539.9974232
199,-89,4.5,90.0,1781079535.15812,1781079540.589495
200,-91,3.75,85.0,1781079535.659498,1781079541.101658
201,-92,1.5,70.0,1781079536.161977,1781079541.524147
202,-91,1.25,68.3,1781079536.6664162,1781079542.113238
203,-91,0.75,65.0,1781079537.1709702,1781079542.455125
204,-92,1.75,71.7,1781079537.6754858,1781079542.972308
205,-93,4.0,86.7,1781079538.1826298,1781079543.569046
206,-93,1.5,70.0,1781079538.689949,1781079544.23996
211,-93,4.0,86.7,1781079541.215672,1781079547.346245
212,-91,5.25,95.0,1781079541.720911,1781079547.770467
213,-92,3.75,85.0,1781079542.225746,1781079548.282631
214,-95,-0.75,55.0,1781079542.7297778,1781079548.952775
215,-92,3.5,83.3,1781079543.234443,1781079549.369643
216,-91,5.5,96.7,1781079543.739488,1781079549.7934039
217,-93,4.75,91.7,1781079544.246698,1781079550.3120341
218,-89,8.75,100.0,1781079544.751573,1781079550.891786
219,-91,5.5,96.7,1781079545.256282,1781079551.3960938
220,-92,1.75,71.7,1781079545.758836,1781079551.988972
221,-92,4.5,90.0,1781079546.264606,1781079552.506314
222,-91,3.5,83.3,1781079546.766345,1781079553.098651
223,-94,1.5,70.0,1781079547.269956,1781079553.696714
225,-93,3.75,85.0,1781079548.28261,1781079555.1276422
227,-92,5.5,96.7,1781079549.290109,1781079556.297379
228,-92,3.5,83.3,1781079549.796611,1781079556.813196
229,-95,1.75,71.7,1781079550.3026109,1781079557.1489348
230,-94,3.25,81.7,1781079550.8073459,1781079557.7438238
231,-92,6.0,100.0,1781079551.311539,1781079558.168828
232,-87,9.25,100.0,1781079551.818282,1781079558.9212852
233,-88,5.25,95.0,1781079552.323423,1781079559.514205
235,-88,8.75,100.0,1781079553.333003,1781079560.608282
236,-88,8.75,100.0,1781079553.8373811,1781079561.033705
237,-87,8.75,100.0,1781079554.34217,1781079561.539933
238,-86,9.25,100.0,1781079554.847161,1781079562.124407
239,-87,7.25,100.0,1781079555.3517609,1781079562.640857
240,-87,8.5,100.0,1781079555.854326,1781079563.2321632
241,-88,8.0,100.0,1781079556.356525,1781079563.917313
242,-87,9.0,100.0,1781079556.858239,1781079564.512369
243,-88,7.25,100.0,1781079557.365531,1781079564.938006
244,-89,7.75,100.0,1781079557.872631,1781079565.3639581
245,-89,7.25,100.0,1781079558.376815,1781079565.955947
246,-88,7.75,100.0,1781079558.8811572,1781079566.627844
247,-91,6.5,100.0,1781079559.386545,1781079567.223126
248,-89,7.5,100.0,1781079559.890042,1781079567.816833
249,-88,9.0,100.0,1781079560.3946571,1781079568.323539
250,-89,7.75,100.0,1781079560.8990998,1781079568.911552
251,-88,8.75,100.0,1781079561.4012742,1781079569.588842
252,-90,6.0,100.0,1781079561.903306,1781079570.011911
253,-92,5.25,95.0,1781079562.4104981,1781079570.5239081
254,-91,5.5,96.7,1781079562.917367,1781079571.033654
255,-94,3.5,83.3,1781079563.419055,1781079571.539551
259,-90,6.5,100.0,1781079565.43776,1781079573.467776
260,-88,7.75,100.0,1781079565.942702,1781079574.063945
261,-88,8.0,100.0,1781079566.447351,1781079574.4911711
262,-86,8.75,100.0,1781079566.952032,1781079575.09009
263,-87,8.0,100.0,1781079567.4588811,1781079575.606472
264,-86,9.5,100.0,1781079567.963682,1781079576.2817512
265,-85,9.75,100.0,1781079568.4681149,1781079576.875921
266,-84,10.25,100.0,1781079568.972378,1781079577.300444
267,-85,9.75,100.0,1781079569.476456,1781079577.723886
268,-89,7.5,100.0,1781079569.983894,1781079578.397042
269,-87,9.25,100.0,1781079570.491183,1781079578.82222
271,-84,9.75,100.0,1781079571.505476,1781079579.830799
272,-83,10.5,100.0,1781079572.008501,1781079580.251429
273,-83,10.25,100.0,1781079572.5135438,1781079580.759964
274,-83,11.0,100.0,1781079573.0186849,1781079581.27097
275,-83,10.75,100.0,1781079573.522759,1781079581.859948
276,-84,10.0,100.0,1781079574.02591,1781079582.287951
277,-84,10.25,100.0,1781079574.531568,1781079582.880139
278,-85,10.25,100.0,1781079575.0356271,1781079583.3903239
279,-85,10.25,100.0,1781079575.537832,1781079583.898283
280,-85,10.0,100.0,1781079576.0440571,1781079584.323277
281,-89,8.5,100.0,1781079576.550991,1781079584.918367
283,-90,1.25,68.3,1781079577.55602,1781079586.097234
284,-89,5.25,95.0,1781079578.061387,1781079586.4392252
285,-89,6.25,100.0,1781079578.563873,1781079586.784279
286,-88,8.0,100.0,1781079579.0659158,1781079587.373888
287,-86,9.0,100.0,1781079579.5721128,1781079587.879627
288,-87,8.0,100.0,1781079580.079454,1781079588.474648
289,-85,9.25,100.0,1781079580.583837,1781079589.070051
290,-89,6.25,100.0,1781079581.0913,1781079589.6755662
291,-89,8.25,100.0,1781079581.598727,1781079590.0934029
292,-90,7.0,100.0,1781079582.105825,1781079590.594809
293,-94,2.25,75.0,1781079582.609835,1781079591.024975
295,-89,6.5,100.0,1781079583.620029,1781079592.118203
296,-89,6.5,100.0,1781079584.12339,1781079592.4633632
297,-88,4.75,91.7,1781079584.630414,1781079592.956088
298,-89,6.5,100.0,1781079585.137614,1781079593.458699
299,-89,4.0,86.7,1781079585.644774,1781079594.13682
300,-88,7.25,100.0,1781079586.146982,1781079594.6472661
301,-87,7.5,100.0,1781079586.6488352,1781079595.0730948
302,-84,9.5,100.0,1781079587.153444,1781079595.674218
303,-86,8.0,100.0,1781079587.659724,1781079596.099904
304,-88,7.75,100.0,1781079588.1620429,1781079596.527958
305,-87,8.0,100.0,1781079588.666944,1781079597.12061
306,-88,7.5,100.0,1781079589.1714618,1781079597.632571
307,-87,8.5,100.0,1781079589.674716,1781079598.142637
308,-87,7.0,100.0,1781079590.1784608,1781079598.821541
309,-88,6.75,100.0,1781079590.682739,1781079599.161549
310,-86,8.0,100.0,1781079591.1895502,1781079599.756171
311,-86,9.25,100.0,1781079591.694272,1781079600.264114
312,-86,8.75,100.0,1781079592.199904,1781079600.7713861
313,-89,6.25,100.0,1781079592.702167,1781079601.1962821
314,-87,8.5,100.0,1781079593.209166,1781079601.866557
315,-86,9.25,100.0,1781079593.714002,1781079602.453452
316,-88,8.25,100.0,1781079594.21837,1781079603.126108
317,-88,7.75,100.0,1781079594.7214808,1781079603.54958
318,-86,8.25,100.0,1781079595.227621,1781079604.232162
319,-87,8.25,100.0,1781079595.732054,1781079604.735992
320,-85,9.5,100.0,1781079596.239427,1781079605.326798
321,-86,9.25,100.0,1781079596.743978,1781079605.9930182
322,-87,6.75,100.0,1781079597.247818,1781079606.65773
323,-87,7.75,100.0,1781079597.7538822,1781079607.3280692
324,-87,9.5,100.0,1781079598.258899,1781079607.756594
325,-87,8.5,100.0,1781079598.766005,1781079608.1802418
326,-87,6.5,100.0,1781079599.27208,1781079608.694912
327,-87,5.75,98.3,1781079599.7796328,1781079609.294579
328,-86,7.75,100.0,1781079600.286955,1781079609.802793
329,-88,5.25,95.0,1781079600.793997,1781079610.3911748
330,-86,7.5,100.0,1781079601.2956722,1781079610.7277849
331,-86,9.5,100.0,1781079601.802979,1781079611.320433
332,-87,9.25,100.0,1781079602.306836,1781079611.9966578
333,-89,7.0,100.0,1781079602.808772,1781079612.425048
334,-94,3.0,80.0,1781079603.311402,1781079612.85219
335,-90,7.25,100.0,1781079603.813154,1781079613.2715251
336,-87,9.0,100.0,1781079604.3203242,1781079613.8706582
337,-88,7.75,100.0,1781079604.8277628,1781079614.379634
338,-88,8.25,100.0,1781079605.3352802,1781079614.890263
339,-88,5.0,93.3,1781079605.842698,1781079615.31472
340,-88,5.75,98.3,1781079606.349914,1781079615.98854
341,-88,6.0,100.0,1781079606.8573272,1781079616.658901
342,-88,6.5,100.0,1781079607.364629,1781079617.089599
343,-88,4.25,88.3,1781079607.8723469,1781079617.592235
344,-88,2.5,76.7,1781079608.375364,1781079618.1892438
345,-86,7.5,100.0,1781079608.882638,1781079618.78498
346,-86,5.25,95.0,1781079609.387263,1781079619.462798
347,-88,7.25,100.0,1781079609.894614,1781079620.0558221
348,-88,6.25,100.0,1781079610.401881,1781079620.645219
349,-89,1.75,71.7,1781079610.904284,1781079621.147361
350,-87,1.25,68.3,1781079611.406307,1781079621.904012
351,-89,5.5,96.7,1781079611.913725,1781079622.5055401
352,-88,7.5,100.0,1781079612.421134,1781079623.0150988
353,-89,5.5,96.7,1781079612.9284291,1781079623.6923578
354,-89,4.75,91.7,1781079613.432555,1781079624.031234
355,-90,3.0,80.0,1781079613.939913,1781079624.45787
356,-91,4.75,91.7,1781079614.443163,1781079624.9663098
357,-88,8.5,100.0,1781079614.950254,1781079625.392425
358,-89,6.25,100.0,1781079615.457397,1781079625.819469
359,-87,8.75,100.0,1781079615.964523,1781079626.488449
360,-88,7.75,100.0,1781079616.470847,1781079626.9110951
361,-89,5.25,95.0,1781079616.976915,1781079627.338588
362,-92,1.0,66.7,1781079617.4785972,1781079628.013661
363,-91,4.5,90.0,1781079617.98091,1781079628.61082
364,-91,5.25,95.0,1781079618.4881191,1781079629.113747
366,-89,6.5,100.0,1781079619.499882,1781079630.1992052
367,-90,4.25,88.3,1781079620.004225,1781079630.877738
368,-89,7.0,100.0,1781079620.508378,1781079631.4784482
369,-88,8.0,100.0,1781079621.010392,1781079632.072052
370,-89,7.0,100.0,1781079621.5174348,1781079632.751501
371,-91,4.5,90.0,1781079622.024558,1781079633.2583418
372,-91,5.25,95.0,1781079622.5318651,1781079633.933671
373,-92,4.25,88.3,1781079623.039447,1781079634.442454
374,-89,4.5,90.0,1781079623.5470688,1781079634.862802
375,-88,8.5,100.0,1781079624.0544078,1781079635.5377269
376,-89,6.5,100.0,1781079624.561688,1781079635.962518
377,-90,6.25,100.0,1781079625.068798,1781079636.305099
378,-90,7.0,100.0,1781079625.571612,1781079636.731252
379,-89,7.0,100.0,1781079626.073972,1781079637.32296
380,-88,7.5,100.0,1781079626.5760078,1781079864.0475678
381,-87,8.5,100.0,1781079627.0833652,1781079864.3928802
382,-86,8.75,100.0,1781079627.590505,1781079864.64731
383,-87,8.75,100.0,1781079628.094135,1781079864.906306
384,-88,8.0,100.0,1781079628.5958028,1781079865.242281
385,-89,6.75,100.0,1781079629.0982,1781079865.417709
386,-89,6.75,100.0,1781079629.60291,1781079865.761482
387,-89,6.25,100.0,1781079630.104811,1781079865.9391282
388,-89,5.75,98.3,1781079630.606785,1781079866.443346
389,-87,7.5,100.0,1781079631.108496,1781079867.0363688
390,-87,8.25,100.0,1781079631.614027,1781079867.6366148
391,-90,5.5,96.7,1781079632.121529,1781079868.2294688
392,-92,3.75,85.0,1781079632.628774,1781079868.744569
393,-90,5.5,96.7,1781079633.13584,1781079869.337141
394,-90,6.5,100.0,1781079633.6406898,1781079869.8384378
395,-92,2.25,75.0,1781079634.145353,1781079870.263823
396,-94,-1.0,53.3,1781079634.652881,1781079870.774473
399,-90,6.25,100.0,1781079636.170043,1781079872.043426
400,-92,2.5,76.7,1781079636.677135,1781079872.475447
1,-89,8.0,100.0,1781079885.178854,1781079885.5824692
2,-91,7.0,100.0,1781079885.687051,1781079886.090024
4,-91,4.5,90.0,1781079886.7009778,1781079887.098259
5,-89,7.25,100.0,1781079887.20307,1781079887.61094
6,-88,8.5,100.0,1781079887.704449,1781079888.04124
7,-89,6.25,100.0,1781079888.206155,1781079888.54847
8,-92,5.25,95.0,1781079888.7133482,1781079889.057943
9,-86,9.5,100.0,1781079889.220599,1781079889.643421
10,-88,8.25,100.0,1781079889.7279732,1781079890.240117
11,-90,6.5,100.0,1781079890.2353458,1781079890.834406
12,-89,8.5,100.0,1781079890.739116,1781079891.3449569
13,-92,5.0,93.3,1781079891.2463691,1781079891.7710981
14,-90,6.5,100.0,1781079891.751502,1781079892.187493
15,-89,5.5,96.7,1781079892.258492,1781079892.865246
16,-90,6.5,100.0,1781079892.765586,1781079893.455925
17,-89,6.75,100.0,1781079893.2702599,1781079893.9637592
18,-87,9.0,100.0,1781079893.777688,1781079894.3849978
19,-87,8.75,100.0,1781079894.284982,1781079894.900585
20,-88,9.0,100.0,1781079894.7879941,1781079895.496234
21,-91,5.5,96.7,1781079895.290355,1781079896.1791239
23,-90,5.0,93.3,1781079896.296641,1781079897.1886568
24,-90,5.75,98.3,1781079896.803587,1781079897.619081
25,-89,7.0,100.0,1781079897.305263,1781079898.034694
26,-92,6.25,100.0,1781079897.81246,1781079898.7128131
27,-90,8.25,100.0,1781079898.319741,1781079899.226401
28,-90,7.75,100.0,1781079898.8235462,1781079899.653978
29,-92,6.25,100.0,1781079899.3251462,1781079900.246615
30,-91,7.0,100.0,1781079899.832336,1781079900.838132
31,-89,7.5,100.0,1781079900.334381,1781079901.1809988
32,-90,7.5,100.0,1781079900.836216,1781079901.690306
33,-90,7.0,100.0,1781079901.343402,1781079902.272682
34,-90,6.25,100.0,1781079901.8502982,1781079902.872833
35,-91,6.25,100.0,1781079902.3519669,1781079903.215798
36,-91,6.25,100.0,1781079902.8590999,1781079903.642693
37,-91,6.25,100.0,1781079903.366368,1781079904.069644
38,-87,9.75,100.0,1781079903.871412,1781079904.661941
39,-88,8.5,100.0,1781079904.3737879,1781079905.2512152
40,-86,9.25,100.0,1781079904.876343,1781079905.76118
41,-88,8.0,100.0,1781079905.383716,1781079906.1075158
42,-86,9.5,100.0,1781079905.887128,1781079906.615721
43,-88,9.75,100.0,1781079906.3943849,1781079906.957073
44,-86,10.25,100.0,1781079906.9001331,1781079907.385809
45,-88,9.5,100.0,1781079907.407438,1781079907.8167198
46,-86,9.0,100.0,1781079907.9147468,1781079908.497087
47,-90,4.75,91.7,1781079908.4220889,1781079908.925739
48,-92,3.0,80.0,1781079908.928737,1781079909.434886
49,-90,6.5,100.0,1781079909.435798,1781079910.11351
50,-92,3.0,80.0,1781079909.9392881,1781079910.703984
51,-91,0.5,63.3,1781079910.446657,1781079911.047114
52,-91,5.0,93.3,1781079910.949368,1781079911.552524
53,-92,3.0,80.0,1781079911.4522,1781079911.9730198
54,-91,4.25,88.3,1781079911.957537,1781079912.648355
55,-92,1.5,70.0,1781079912.459755,1781079912.995714
56,-91,5.5,96.7,1781079912.961549,1781079913.668277
57,-89,7.25,100.0,1781079913.468065,1781079914.010873
58,-89,5.25,95.0,1781079913.9754748,1781079914.5973618
59,-91,5.75,98.3,1781079914.480551,1781079915.272618
60,-90,6.75,100.0,1781079914.982225,1781079915.77599
61,-92,4.25,88.3,1781079915.488725,1781079916.3633869
62,-92,5.75,98.3,1781079915.993346,1781079916.954636
63,-87,8.0,100.0,1781079916.5001862,1781079917.3800461
64,-85,10.0,100.0,1781079917.005872,1781079917.9752178
65,-85,9.5,100.0,1781079917.509848,1781079918.65875
66,-89,4.75,91.7,1781079918.0119848,1781079919.167109
67,-87,7.5,100.0,1781079918.518504,1781079919.766521
68,-88,8.5,100.0,1781079919.023604,1781079920.275815
69,-89,9.25,100.0,1781079919.531212,1781079920.7832682
70,-88,8.5,100.0,1781079920.038555,1781079921.369726
71,-89,8.25,100.0,1781079920.546326,1781079921.800979
72,-90,5.5,96.7,1781079921.05365,1781079922.398203
73,-87,9.0,100.0,1781079921.55685,1781079922.907267
74,-86,9.75,100.0,1781079922.059817,1781079923.50496
75,-85,9.5,100.0,1781079922.566009,1781079924.0988421
76,-87,8.75,100.0,1781079923.0706701,1781079924.686811
77,-86,9.25,100.0,1781079923.57602,1781079925.19899
78,-85,10.0,100.0,1781079924.080531,1781079925.86873
79,-82,10.75,100.0,1781079924.584217,1781079926.533323
80,-84,9.75,100.0,1781079925.0873652,1781079927.0388129
81,-84,9.75,100.0,1781079925.594753,1781079927.4582
82,-87,9.75,100.0,1781079926.096929,1781079928.216086
83,-85,10.75,100.0,1781079926.59844,1781079928.632707
84,-86,9.75,100.0,1781079927.100725,1781079929.05709
85,-87,8.5,100.0,1781079927.6054258,1781079929.7306712
86,-86,10.25,100.0,1781079928.108145,1781079930.3247612
87,-86,5.5,96.7,1781079928.609743,1781079930.8409832
88,-89,8.0,100.0,1781079929.1129751,1781079931.341225
89,-86,10.0,100.0,1781079929.6146429,1781079932.012104
90,-83,10.5,100.0,1781079930.12214,1781079932.52763
91,-84,10.25,100.0,1781079930.629857,1781079932.954232
92,-85,8.25,100.0,1781079931.1366441,1781079933.639724
93,-85,9.25,100.0,1781079931.639495,1781079934.065349
94,-90,5.5,96.7,1781079932.14661,1781079934.749407
95,-88,8.0,100.0,1781079932.651374,1781079935.1769521
96,-88,5.25,95.0,1781079933.153783,1781079935.518323
97,-88,6.25,100.0,1781079933.660126,1781079936.0321438
98,-89,7.75,100.0,1781079934.164434,1781079936.622658
99,-89,7.5,100.0,1781079934.669097,1781079937.1324632
100,-87,9.25,100.0,1781079935.175199,1781079937.729721
101,-86,8.25,100.0,1781079935.6785312,1781079938.4046662
102,-85,10.25,100.0,1781079936.181005,1781079938.832982
103,-86,9.5,100.0,1781079936.6878269,1781079939.176619
104,-86,7.25,100.0,1781079937.194277,1781079939.6894321
105,-87,8.0,100.0,1781079937.6963918,1781079940.360342
106,-88,6.5,100.0,1781079938.20341,1781079940.787659
110,-86,1.25,68.3,1781079940.221048,1781079943.0614111
111,-85,5.0,93.3,1781079940.7252119,1781079943.7347698
112,-86,10.5,100.0,1781079941.228821,1781079944.248765
113,-86,9.75,100.0,1781079941.73104,1781079944.6718268
114,-86,7.25,100.0,1781079942.23249,1781079945.269484
115,-86,9.0,100.0,1781079942.733981,1781079945.873485
116,-85,8.75,100.0,1781079943.240459,1781079946.300721
117,-87,10.0,100.0,1781079943.747821,1781079946.888397
118,-87,10.0,100.0,1781079944.2529259,1781079947.23089
119,-87,9.75,100.0,1781079944.754962,1781079947.898644
120,-85,9.25,100.0,1781079945.2619488,1781079948.2383842
121,-84,10.25,100.0,1781079945.769257,1781079948.7514281
122,-84,10.5,100.0,1781079946.2763178,1781079949.345412
123,-87,6.5,100.0,1781079946.7784178,1781079949.940737
124,-86,7.5,100.0,1781079947.285442,1781079950.5393438
125,-87,9.75,100.0,1781079947.792748,1781079950.9694982
126,-86,9.0,100.0,1781079948.300076,1781079951.389344
127,-84,10.25,100.0,1781079948.803369,1781079951.893328
128,-86,10.0,100.0,1781079949.3106718,1781079952.3157089
129,-85,10.5,100.0,1781079949.8138418,1781079952.6564531
130,-84,10.75,100.0,1781079950.317773,1781079953.165588
131,-83,10.5,100.0,1781079950.826108,1781079953.679914
132,-84,11.25,100.0,1781079951.333218,1781079954.1852942
133,-83,10.75,100.0,1781079951.840235,1781079954.8537972
134,-84,11.0,100.0,1781079952.346476,1781079955.281966
135,-85,10.25,100.0,1781079952.848701,1781079955.953414
136,-88,8.5,100.0,1781079953.3506072,1781079956.545145
137,-86,9.0,100.0,1781079953.852285,1781079957.051255
138,-87,8.25,100.0,1781079954.359369,1781079957.7347121
139,-86,7.75,100.0,1781079954.8664541,1781079958.248297
140,-85,9.5,100.0,1781079955.3696089,1781079958.747815
141,-86,10.0,100.0,1781079955.871923,1781079959.3473642
142,-86,8.75,100.0,1781079956.3736708,1781079959.766253
143,-87,9.25,100.0,1781079956.880776,1781079960.2724822
144,-87,9.0,100.0,1781079957.383137,1781079960.6963992
145,-84,10.25,100.0,1781079957.8903491,1781079961.373442
146,-83,10.75,100.0,1781079958.39495,1781079962.137562
147,-84,10.25,100.0,1781079958.89752,1781079962.5575528
148,-85,9.25,100.0,1781079959.402879,1781079963.137578
149,-86,9.5,100.0,1781079959.910246,1781079963.564301
150,-85,10.5,100.0,1781079960.41314,1781079964.073079
151,-87,8.0,100.0,1781079960.916168,1781079964.8151731
152,-87,7.5,100.0,1781079961.42357,1781079965.4005601
153,-85,9.0,100.0,1781079961.928124,1781079965.825127
154,-84,9.25,100.0,1781079962.435384,1781079966.252617
155,-83,9.75,100.0,1781079962.942955,1781079966.6778471
156,-83,9.75,100.0,1781079963.44653,1781079967.271688
157,-83,10.75,100.0,1781079963.95275,1781079967.9490938
158,-83,10.5,100.0,1781079964.4581509,1781079968.6209369
159,-83,10.25,100.0,1781079964.962751,1781079969.1259038
160,-83,11.0,100.0,1781079965.467288,1781079969.4593
161,-83,10.0,100.0,1781079965.9739468,1781079970.055597
162,-83,9.75,100.0,1781079966.48454,1781079970.650167
163,-84,10.25,100.0,1781079966.987148,1781079971.15779
164,-85,10.75,100.0,1781079967.4889128,1781079971.582487
165,-86,10.5,100.0,1781079967.991369,1781079972.182113
166,-83,10.75,100.0,1781079968.497165,1781079972.864366
167,-83,10.5,100.0,1781079969.0012019,1781079973.364944
168,-85,10.75,100.0,1781079969.502319,1781079974.041875
169,-85,9.75,100.0,1781079970.0072162,1781079974.636404
170,-88,9.25,100.0,1781079970.514557,1781079975.145636
171,-84,11.0,100.0,1781079971.020412,1781079975.7280252
172,-86,9.25,100.0,1781079971.528171,1781079976.328159
173,-88,8.75,100.0,1781079972.035542,1781079976.750458
174,-88,9.5,100.0,1781079972.542836,1781079977.173751
175,-87,8.25,100.0,1781079973.0501592,1781079977.8489568
176,-87,7.75,100.0,1781079973.553149,1781079978.193187
177,-86,7.25,100.0,1781079974.060562,1781079978.783975
178,-87,4.0,86.7,1781079974.567232,1781079979.127817
180,-89,3.5,83.3,1781079975.582198,1781079980.224189
181,-89,2.5,76.7,1781079976.0843909,1781079980.65044
182,-83,10.0,100.0,1781079976.5888698,1781079981.155392
183,-87,9.0,100.0,1781079977.093177,1781079981.5837362
184,-87,8.25,100.0,1781079977.5949929,1781079982.263459
185,-89,7.25,100.0,1781079978.102324,1781079982.8549492
186,-89,7.75,100.0,1781079978.607753,1781079983.362496
187,-90,6.5,100.0,1781079979.110254,1781079983.9537542
188,-87,10.0,100.0,1781079979.61728,1781079984.5454972
189,-89,8.0,100.0,1781079980.124703,1781079985.056158
190,-88,8.75,100.0,1781079980.6316218,1781079985.478316
191,-90,7.75,100.0,1781079981.133296,1781079985.8243861
192,-90,5.5,96.7,1781079981.637889,1781079986.411322
193,-89,7.75,100.0,1781079982.1436548,1781079986.839849
194,-91,7.25,100.0,1781079982.645524,1781079987.3487391
195,-88,9.0,100.0,1781079983.1466298,1781079987.7772858
196,-89,7.25,100.0,1781079983.648602,1781079988.284864
197,-89,9.0,100.0,1781079984.154332,1781079988.87061
198,-86,10.0,100.0,1781079984.658546,1781079989.379
199,-88,9.0,100.0,1781079985.1651368,1781079989.8907259
200,-84,10.0,100.0,1781079985.669163,1781079990.489822
201,-85,10.0,100.0,1781079986.171253,1781079990.919314
202,-88,8.5,100.0,1781079986.677055,1781079991.689051
203,-87,9.5,100.0,1781079987.1804311,1781079992.443028
204,-88,9.25,100.0,1781079987.687663,1781079992.7850082
205,-89,8.25,100.0,1781079988.192083,1781079993.214449
206,-89,8.0,100.0,1781079988.696811,1781079993.721931
207,-87,9.0,100.0,1781079989.204173,1781079994.312546
208,-86,10.25,100.0,1781079989.710131,1781079994.907166
209,-85,10.75,100.0,1781079990.217813,1781079995.5051641
210,-83,12.25,100.0,1781079990.7206762,1781079996.0966048
211,-87,9.25,100.0,1781079991.2225869,1781079996.6983402
212,-88,9.5,100.0,1781079991.729693,1781079997.119112
213,-88,9.25,100.0,1781079992.237016,1781079997.796535
214,-89,7.75,100.0,1781079992.742812,1781079998.386667
215,-91,5.25,95.0,1781079993.2502558,1781079998.728531
216,-91,6.0,100.0,1781079993.757508,1781079999.1515799
217,-89,8.5,100.0,1781079994.264395,1781079999.7433321
218,-89,9.5,100.0,1781079994.770365,1781080000.331077
219,-88,7.5,100.0,1781079995.277648,1781080000.999957
220,-87,7.25,100.0,1781079995.784831,1781080001.513543
221,-88,8.75,100.0,1781079996.286895,1781080001.935626
222,-90,7.25,100.0,1781079996.788276,1781080002.277049
223,-90,6.25,100.0,1781079997.2928598,1781080002.86154
224,-88,4.5,90.0,1781079997.794987,1781080003.615288
225,-88,7.25,100.0,1781079998.297249,1781080004.122113
226,-88,9.25,100.0,1781079998.802733,1781080004.7135959
227,-88,10.25,100.0,1781079999.310098,1781080005.132651
228,-89,6.0,100.0,1781079999.812272,1781080005.559416
229,-89,8.0,100.0,1781080000.3196642,1781080006.228883
230,-88,8.25,100.0,1781080000.827198,1781080006.9044569
231,-88,9.5,100.0,1781080001.3321311,1781080007.501888
232,-88,7.75,100.0,1781080001.836757,1781080008.0109508
233,-89,6.75,100.0,1781080002.341415,1781080008.438744
234,-86,10.5,100.0,1781080002.846255,1781080008.9487722
235,-85,9.75,100.0,1781080003.3507998,1781080009.541347
236,-85,9.0,100.0,1781080003.855339,1781080010.0478249
237,-87,6.0,100.0,1781080004.357549,1781080010.55442
238,-89,8.0,100.0,1781080004.8648589,1781080011.1498811
239,-88,8.0,100.0,1781080005.369259,1781080011.655998
240,-88,8.75,100.0,1781080005.875621,1781080012.160929
241,-94,0.25,61.7,1781080006.378248,1781080012.744002
242,-91,7.75,100.0,1781080006.880608,1781080013.419105
243,-91,6.5,100.0,1781080007.3879611,1781080013.9310029
245,-97,1.75,71.7,1781080008.3960278,1781080014.942805
246,-94,6.75,100.0,1781080008.902734,1781080015.5381398
247,-93,5.5,96.7,1781080009.40723,1781080015.887233
248,-92,3.5,83.3,1781080009.911181,1781080016.57318
249,-91,4.75,91.7,1781080010.4133902,1781080017.081238
250,-88,7.75,100.0,1781080010.9160588,1781080017.59719
251,-88,7.75,100.0,1781080011.4224231,1781080018.020444
252,-89,7.25,100.0,1781080011.9276218,1781080018.6994271
253,-93,3.25,81.7,1781080012.435055,1781080019.118036
254,-96,1.0,66.7,1781080012.94232,1781080019.5424562
256,-91,6.0,100.0,1781080013.956537,1781080020.4647622
257,-87,9.0,100.0,1781080014.45951,1781080021.141227
258,-88,9.25,100.0,1781080014.966648,1781080021.565614
259,-90,8.25,100.0,1781080015.4739468,1781080022.241131
260,-92,6.25,100.0,1781080015.980424,1781080022.667098
261,-92,5.25,95.0,1781080016.4841542,1781080023.341472
262,-90,7.75,100.0,1781080016.986306,1781080024.0221992
263,-93,1.75,71.7,1781080017.493362,1781080024.7809322
265,-94,2.5,76.7,1781080018.5030951,1781080026.0441449
267,-97,-2.5,43.3,1781080019.517466,1781080026.8893409
268,-96,-1.0,53.3,1781080020.021132,1781080027.479595
269,-94,3.25,81.7,1781080020.528511,1781080028.076867
270,-93,4.25,88.3,1781080021.0318148,1781080028.5053859
271,-88,7.25,100.0,1781080021.534064,1781080029.4222531
272,-87,8.5,100.0,1781080022.035861,1781080029.929745
273,-89,7.75,100.0,1781080022.542963,1781080030.604175
274,-95,0.25,61.7,1781080023.0491729,1781080031.705048
275,-96,0.25,61.7,1781080023.551292,1781080032.724683
276,-89,8.75,100.0,1781080024.052719,1781080034.15755
277,-88,9.25,100.0,1781080024.554301,1781080034.8305862
278,-91,6.75,100.0,1781080025.055996,1781080035.339007
279,-92,4.5,90.0,1781080025.559263,1781080035.8418891
280,-90,6.25,100.0,1781080026.0644429,1781080036.3502662
281,-92,4.75,91.7,1781080026.5683358,1781080037.608418
282,-94,2.25,75.0,1781080027.073427,1781080038.0376692
283,-89,6.75,100.0,1781080027.5779772,1781080039.132567
284,-89,6.0,100.0,1781080028.082761,1781080039.723824
285,-94,-1.25,51.7,1781080028.586337,1781080040.231354
286,-93,2.25,75.0,1781080029.093774,1781080040.819777
287,-94,1.25,68.3,1781080029.596145,1781080041.4830499
288,-90,4.25,88.3,1781080030.101047,1781080041.985784
289,-90,5.75,98.3,1781080030.6055338,1781080042.573031
290,-90,5.0,93.3,1781080031.108942,1781080043.316841
291,-90,5.25,95.0,1781080031.615681,1781080043.9958751
292,-89,5.75,98.3,1781080032.117443,1781080045.005749
293,-87,7.75,100.0,1781080032.6228778,1781080045.5992918
294,-86,8.0,100.0,1781080033.127163,1781080045.942637
295,-87,7.0,100.0,1781080033.6346738,1781080046.376299
296,-86,7.25,100.0,1781080034.137067,1781080046.7207181
297,-87,7.0,100.0,1781080034.644292,1781080047.150759
298,-88,6.5,100.0,1781080035.1486552,1781080047.740622
300,-88,5.0,93.3,1781080036.1521971,1781080048.84251
301,-88,3.25,81.7,1781080036.655159,1781080049.429899
302,-89,5.75,98.3,1781080037.157205,1781080049.946332
303,-88,7.5,100.0,1781080037.658935,1781080050.45336
304,-91,7.5,100.0,1781080038.1646762,1781080051.0478
1,-86,10.25,100.0,1781080195.2227788,1781080195.599616
2,-87,9.5,100.0,1781080195.731076,1781080196.111389
3,-88,8.75,100.0,1781080196.238473,1781080196.6245341
4,-87,7.5,100.0,1781080196.74561,1781080197.1373801
5,-87,9.5,100.0,1781080197.250916,1781080197.6485739
6,-89,7.5,100.0,1781080197.75806,1781080198.153006
7,-91,5.75,98.3,1781080198.260095,1781080198.666185
9,-91,3.25,81.7,1781080199.263841,1781080199.666664
10,-89,3.25,81.7,1781080199.765337,1781080200.168361
11,-89,3.0,80.0,1781080200.2669818,1781080200.676506
12,-89,6.25,100.0,1781080200.774129,1781080201.349966
13,-88,8.0,100.0,1781080201.2814999,1781080201.944693
14,-88,7.75,100.0,1781080201.7888708,1781080202.373813
15,-85,8.75,100.0,1781080202.295291,1781080202.796649
16,-86,10.0,100.0,1781080202.800122,1781080203.3140721
17,-87,9.5,100.0,1781080203.307245,1781080203.998432
18,-88,8.75,100.0,1781080203.8145359,1781080204.502549
19,-90,6.5,100.0,1781080204.319113,1781080205.0939589
20,-90,7.5,100.0,1781080204.8244522,1781080205.513341
21,-86,8.0,100.0,1781080205.3267741,1781080205.8545039
22,-85,10.25,100.0,1781080205.830254,1781080206.372303
23,-84,10.75,100.0,1781080206.337316,1781080206.792358
24,-86,9.25,100.0,1781080206.8437939,1781080207.2182531
25,-91,5.75,98.3,1781080207.345421,1781080207.8085592
26,-96,1.5,70.0,1781080207.8525708,1781080208.22852
28,-87,9.5,100.0,1781080208.862198,1781080209.2319229
29,-89,8.0,100.0,1781080209.369684,1781080209.821696
30,-87,8.5,100.0,1781080209.877153,1781080210.2436302
31,-88,3.25,81.7,1781080210.384182,1781080210.743104
32,-90,7.75,100.0,1781080210.885901,1781080211.420084
33,-88,8.75,100.0,1781080211.393047,1781080212.017886
34,-90,7.25,100.0,1781080211.90011,1781080212.352829
35,-92,6.5,100.0,1781080212.406992,1781080212.774962
36,-88,9.0,100.0,1781080212.908381,1781080213.2820292
37,-89,8.25,100.0,1781080213.411646,1781080213.7923808
38,-93,4.0,86.7,1781080213.913357,1781080214.295816
39,-91,6.5,100.0,1781080214.420525,1781080214.809006
40,-91,6.5,100.0,1781080214.9250612,1781080215.323164
43,-92,3.75,85.0,1781080216.44317,1781080216.843561
44,-92,4.25,88.3,1781080216.949207,1781080217.4292421
45,-90,6.0,100.0,1781080217.4567528,1781080217.8524811
46,-88,7.75,100.0,1781080217.964088,1781080218.356833
47,-90,6.75,100.0,1781080218.4715688,1781080218.9531379
48,-91,6.75,100.0,1781080218.97906,1781080219.378699
49,-92,5.0,93.3,1781080219.486562,1781080219.8834162
51,-89,6.0,100.0,1781080220.50111,1781080220.8933172
52,-88,8.75,100.0,1781080221.007665,1781080221.572002
53,-86,8.75,100.0,1781080221.511115,1781080221.9148202
54,-86,6.75,100.0,1781080222.0182772,1781080222.420473
55,-90,6.75,100.0,1781080222.525752,1781080223.012409
56,-89,5.5,96.7,1781080223.029862,1781080223.521438
57,-90,4.75,91.7,1781080223.532286,1781080223.9467561
58,-89,7.75,100.0,1781080224.036187,1781080224.454431
59,-90,6.75,100.0,1781080224.537853,1781080224.962744
61,-89,7.5,100.0,1781080225.5498712,1781080225.9769752
62,-87,8.25,100.0,1781080226.0519738,1781080226.40595
63,-87,9.75,100.0,1781080226.553484,1781080226.9196491
64,-86,9.75,100.0,1781080227.0549371,1781080227.4260962
65,-85,10.5,100.0,1781080227.5566258,1781080228.027817
66,-85,10.0,100.0,1781080228.062909,1781080228.454698
67,-87,8.5,100.0,1781080228.570506,1781080229.048811
68,-88,8.75,100.0,1781080229.077792,1781080229.555584
69,-88,9.5,100.0,1781080229.584911,1781080229.979315
70,-89,7.0,100.0,1781080230.092169,1781080230.4893708
71,-88,8.5,100.0,1781080230.59454,1781080230.9952772
72,-88,8.25,100.0,1781080231.1016169,1781080231.5030668
73,-85,9.75,100.0,1781080231.608932,1781080232.095392
74,-88,9.0,100.0,1781080232.113508,1781080232.6877031
75,-89,9.0,100.0,1781080232.61618,1781080233.2792692
76,-92,6.5,100.0,1781080233.12362,1781080233.870519
77,-91,8.0,100.0,1781080233.630927,1781080234.299754
78,-88,7.5,100.0,1781080234.137994,1781080234.81317
79,-89,7.5,100.0,1781080234.6398249,1781080235.487305
80,-89,8.75,100.0,1781080235.154371,1781080235.9118028
81,-90,4.0,86.7,1781080235.658735,1781080236.586359
82,-89,4.25,88.3,1781080236.16676,1781080237.0067909
83,-88,3.5,83.3,1781080236.67035,1781080237.6007712
84,-87,5.75,98.3,1781080237.181354,1781080238.201851
85,-87,8.25,100.0,1781080237.688416,1781080238.7141068
86,-85,10.5,100.0,1781080238.195478,1781080239.13827
87,-85,10.0,100.0,1781080238.7025568,1781080239.562598
88,-88,9.75,100.0,1781080239.2096798,1781080240.154251
89,-90,8.75,100.0,1781080239.71651,1781080240.494288
90,-88,9.5,100.0,1781080240.218055,1781080241.0850592
91,-88,8.0,100.0,1781080240.719983,1781080241.4267552
92,-88,9.0,100.0,1781080241.227056,1781080241.938038
93,-88,9.75,100.0,1781080241.729444,1781080242.530623
94,-86,9.75,100.0,1781080242.236606,1781080243.0368671
95,-86,10.25,100.0,1781080242.743851,1781080243.378957
96,-86,11.25,100.0,1781080243.2474601,1781080243.8877451
97,-86,9.75,100.0,1781080243.754442,1781080244.307748
98,-85,11.25,100.0,1781080244.261573,1781080244.650385
99,-86,9.25,100.0,1781080244.76871,1781080245.160824
100,-86,9.75,100.0,1781080245.270953,1781080245.6729221
101,-87,8.0,100.0,1781080245.7782452,1781080246.350442
102,-88,8.5,100.0,1781080246.281408,1781080247.02796
103,-88,6.75,100.0,1781080246.7884748,1781080247.6234958
104,-89,8.25,100.0,1781080247.295661,1781080248.133177
105,-88,7.0,100.0,1781080247.800792,1781080248.650539
106,-88,8.25,100.0,1781080248.307897,1781080249.15931
107,-91,5.75,98.3,1781080248.815041,1781080249.751592
108,-91,4.25,88.3,1781080249.322125,1781080250.1649768
109,-90,6.75,100.0,1781080249.829331,1781080250.755125
111,-88,9.75,100.0,1781080250.8404522,1781080251.83871
112,-88,9.0,100.0,1781080251.347295,1781080252.3389828
113,-89,8.5,100.0,1781080251.849043,1781080252.936341
114,-89,9.0,100.0,1781080252.356161,1781080253.5300832
115,-87,9.75,100.0,1781080252.858149,1781080254.123991
116,-87,9.5,100.0,1781080253.3643048,1781080254.805213
117,-89,6.5,100.0,1781080253.865448,1781080255.3109062
118,-90,6.5,100.0,1781080254.366892,1781080255.6572
119,-89,8.0,100.0,1781080254.8732312,1781080256.336509
121,-89,8.25,100.0,1781080255.8878698,1781080257.354771
122,-89,7.25,100.0,1781080256.3906949,1781080257.9435399
123,-89,7.0,100.0,1781080256.895081,1781080258.621585
124,-89,7.5,100.0,1781080257.402097,1781080258.957325
125,-89,5.0,93.3,1781080257.904174,1781080259.630754
126,-89,6.75,100.0,1781080258.406185,1781080259.978492
127,-89,7.5,100.0,1781080258.913312,1781080260.489501
128,-84,11.0,100.0,1781080259.4205718,1781080260.918049
129,-87,9.25,100.0,1781080259.9244108,1781080261.509193
130,-91,6.75,100.0,1781080260.431568,1781080261.935643
131,-94,4.75,91.7,1781080260.938957,1781080262.4459882
132,-93,5.25,95.0,1781080261.442753,1781080262.950819
133,-93,3.0,80.0,1781080261.9447958,1781080263.544569
134,-92,6.5,100.0,1781080262.452032,1781080264.0490398
135,-91,6.75,100.0,1781080262.9592068,1781080264.561842
136,-92,3.75,85.0,1781080263.466704,1781080264.9905229
137,-95,2.5,76.7,1781080263.974242,1781080265.330852
138,-91,6.25,100.0,1781080264.476822,1781080266.019655
139,-91,6.0,100.0,1781080264.980156,1781080266.6947331
140,-94,3.25,81.7,1781080265.482143,1781080267.375744
141,-93,0.5,63.3,1781080265.9850502,1781080267.801353
142,-91,4.75,91.7,1781080266.492464,1781080268.4800692
143,-92,2.75,78.3,1781080266.994406,1781080269.070554
144,-93,4.75,91.7,1781080267.495817,1781080269.412916
145,-88,8.25,100.0,1781080267.997317,1781080270.086756
146,-90,6.25,100.0,1781080268.502764,1781080270.43179
147,-89,8.0,100.0,1781080269.006506,1781080271.11486
148,-89,8.0,100.0,1781080269.5140328,1781080271.53618
149,-91,6.75,100.0,1781080270.021429,1781080272.043919
151,-92,6.5,100.0,1781080271.032591,1781080273.1383731
152,-92,5.5,96.7,1781080271.537664,1781080273.819438
153,-91,6.0,100.0,1781080272.045315,1781080274.326912
154,-90,7.5,100.0,1781080272.5529752,1781080274.9193668
155,-92,6.0,100.0,1781080273.057159,1781080275.340418
156,-91,5.0,93.3,1781080273.563745,1781080275.6815202
157,-89,6.0,100.0,1781080274.071429,1781080276.2730691
158,-87,9.0,100.0,1781080274.574054,1781080276.867758
159,-89,8.0,100.0,1781080275.076322,1781080277.292192
160,-92,5.0,93.3,1781080275.58103,1781080277.884382
161,-93,4.5,90.0,1781080276.082934,1781080278.387532
162,-92,4.25,88.3,1781080276.5845928,1781080278.895542
163,-92,6.5,100.0,1781080277.090438,1781080279.403074
164,-92,6.75,100.0,1781080277.592438,1781080279.828982
165,-95,4.75,91.7,1781080278.0995882,1781080280.4241621
166,-90,7.0,100.0,1781080278.602931,1781080281.0159402
167,-91,7.25,100.0,1781080279.104586,1781080281.361444
168,-88,9.0,100.0,1781080279.607923,1781080281.871095
169,-90,6.75,100.0,1781080280.111121,1781080282.296959
170,-90,5.75,98.3,1781080280.612617,1781080282.883924
171,-91,3.25,81.7,1781080281.114008,1781080283.4698272
172,-92,1.25,68.3,1781080281.615458,1781080283.890222
173,-89,7.25,100.0,1781080282.117079,1781080284.313068
174,-89,8.25,100.0,1781080282.624081,1781080284.995557
175,-91,6.75,100.0,1781080283.1311538,1781080285.585728
176,-91,7.25,100.0,1781080283.638248,1781080286.175703
177,-92,6.5,100.0,1781080284.144259,1781080286.849885
178,-92,6.25,100.0,1781080284.651531,1781080287.277243
179,-92,6.0,100.0,1781080285.158676,1781080287.866781
180,-93,4.75,91.7,1781080285.66606,1781080288.46562
182,-90,8.5,100.0,1781080286.67627,1781080289.475317
183,-91,7.0,100.0,1781080287.183501,1781080289.9838002
184,-90,6.75,100.0,1781080287.690615,1781080290.57792
185,-91,7.0,100.0,1781080288.197942,1781080291.254431
186,-88,8.5,100.0,1781080288.705332,1781080291.596417
187,-90,6.25,100.0,1781080289.2075782,1781080292.183908
188,-90,7.0,100.0,1781080289.711914,1781080292.606059
189,-92,5.0,93.3,1781080290.219281,1781080293.1929312
190,-90,7.0,100.0,1781080290.72677,1781080293.8668768
191,-90,7.25,100.0,1781080291.2341309,1781080294.463773
192,-96,1.75,71.7,1781080291.741268,1781080295.224851
193,-89,7.0,100.0,1781080292.248163,1781080295.820354
194,-87,8.25,100.0,1781080292.749511,1781080296.2431529
195,-87,9.0,100.0,1781080293.25649,1781080297.0115001
196,-86,10.0,100.0,1781080293.763327,1781080297.523743
197,-87,9.25,100.0,1781080294.264985,1781080298.114578
198,-85,10.25,100.0,1781080294.772348,1781080298.538645
199,-85,9.5,100.0,1781080295.279192,1781080298.959434
200,-85,10.5,100.0,1781080295.780853,1781080299.557816
201,-85,10.75,100.0,1781080296.28789,1781080300.147299
202,-83,11.25,100.0,1781080296.792495,1781080300.570403
203,-83,11.25,100.0,1781080297.298975,1781080300.999191
204,-83,10.75,100.0,1781080297.8061619,1781080301.4189818
205,-83,11.0,100.0,1781080298.308566,1781080302.013045
206,-85,10.5,100.0,1781080298.8137422,1781080302.522478
207,-83,10.75,100.0,1781080299.318315,1781080303.029707
208,-84,10.75,100.0,1781080299.822887,1781080303.527523
209,-88,8.25,100.0,1781080300.3305411,1781080304.118714
210,-85,9.0,100.0,1781080300.835587,1781080304.71136
211,-87,9.5,100.0,1781080301.3431191,1781080305.2177
212,-86,10.5,100.0,1781080301.8496902,1781080305.5641751
213,-85,8.5,100.0,1781080302.357019,1781080306.079363
214,-86,8.25,100.0,1781080302.864022,1781080306.587344
215,-84,11.0,100.0,1781080303.371304,1781080307.251368
216,-84,11.25,100.0,1781080303.876332,1781080307.763983
217,-85,10.75,100.0,1781080304.383827,1781080308.1118872
218,-85,10.0,100.0,1781080304.886744,1781080308.544374
219,-83,10.25,100.0,1781080305.394141,1781080309.1408489
220,-84,9.25,100.0,1781080305.901166,1781080309.730245
221,-86,7.75,100.0,1781080306.402619,1781080310.232356
222,-89,4.75,91.7,1781080306.9041128,1781080310.8997152
223,-87,9.0,100.0,1781080307.409473,1781080311.407101
224,-86,10.0,100.0,1781080307.91182,1781080311.9153001
225,-83,10.5,100.0,1781080308.4153368,1781080312.335794
226,-83,11.0,100.0,1781080308.9227462,1781080313.017237
227,-83,10.5,100.0,1781080309.425487,1781080313.6003342
228,-84,10.0,100.0,1781080309.929686,1781080314.1031098
229,-85,10.5,100.0,1781080310.434825,1781080314.529036
230,-86,10.5,100.0,1781080310.9391842,1781080315.202372
231,-83,10.5,100.0,1781080311.444724,1781080315.635295
232,-84,9.75,100.0,1781080311.948765,1781080316.146987
233,-85,9.75,100.0,1781080312.4534578,1781080316.6513212
234,-86,10.0,100.0,1781080312.958156,1781080317.326611
235,-80,11.5,100.0,1781080313.4622211,1781080317.845243
236,-82,11.5,100.0,1781080313.967337,1781080318.357152
237,-83,10.25,100.0,1781080314.472057,1781080318.9476302
238,-83,10.5,100.0,1781080314.9789708,1781080319.375572
239,-83,9.75,100.0,1781080315.486636,1781080319.887715
240,-82,11.75,100.0,1781080315.994066,1781080320.5691469
241,-85,11.25,100.0,1781080316.498483,1781080321.165729
242,-88,9.5,100.0,1781080317.002516,1781080321.755169
243,-85,10.75,100.0,1781080317.508328,1781080322.184341
244,-88,8.0,100.0,1781080318.012442,1781080322.692757
245,-86,10.0,100.0,1781080318.517555,1781080323.45239
246,-85,10.25,100.0,1781080319.022072,1781080323.79642
247,-87,9.25,100.0,1781080319.5255098,1781080324.221306
248,-86,9.75,100.0,1781080320.0281641,1781080324.737083
249,-85,9.75,100.0,1781080320.5296052,1781080325.5802891
250,-81,10.75,100.0,1781080321.032784,1781080326.090314
251,-84,9.75,100.0,1781080321.5383182,1781080326.60351
252,-85,9.5,100.0,1781080322.041356,1781080327.195858
253,-85,9.5,100.0,1781080322.54514,1781080327.700311
254,-86,10.75,100.0,1781080323.048875,1781080328.20639
255,-88,8.5,100.0,1781080323.5551412,1781080328.628672
256,-89,8.0,100.0,1781080324.0625331,1781080329.308427
257,-90,8.0,100.0,1781080324.5675058,1781080329.732383
258,-87,3.75,85.0,1781080325.072887,1781080330.318084
259,-87,8.0,100.0,1781080325.577121,1781080330.998934
260,-88,3.0,80.0,1781080326.080836,1781080331.4227798
261,-89,4.5,90.0,1781080326.587323,1781080332.0989718
262,-91,8.5,100.0,1781080327.0917819,1781080332.696832
263,-88,10.0,100.0,1781080327.5955698,1781080333.285635
264,-88,6.5,100.0,1781080328.1006,1781080333.718369
265,-88,9.0,100.0,1781080328.604939,1781080334.313987
266,-89,6.0,100.0,1781080329.109809,1781080334.65537
267,-89,9.0,100.0,1781080329.614893,1781080335.0805461
268,-85,10.25,100.0,1781080330.119339,1781080335.838634
269,-84,10.0,100.0,1781080330.62431,1781080336.3462121
270,-86,8.75,100.0,1781080331.128051,1781080336.848664
271,-87,8.0,100.0,1781080331.6336372,1781080337.34713
272,-89,6.5,100.0,1781080332.1389382,1781080337.935243
273,-90,5.5,96.7,1781080332.650582,1781080338.524456
274,-89,9.0,100.0,1781080333.1550999,1781080339.116682
275,-91,7.75,100.0,1781080333.656524,1781080339.54744
276,-89,9.0,100.0,1781080334.158684,1781080340.143408
277,-89,3.25,81.7,1781080334.6604748,1781080340.8200588
278,-89,7.0,100.0,1781080335.16547,1781080341.331368
279,-89,8.5,100.0,1781080335.6717708,1781080341.840926
280,-90,6.0,100.0,1781080336.175662,1781080342.433111
281,-89,7.75,100.0,1781080336.6775649,1781080342.7687628
282,-88,7.75,100.0,1781080337.185024,1781080343.3697112
283,-88,9.25,100.0,1781080337.689622,1781080343.8770409
284,-88,8.0,100.0,1781080338.192477,1781080344.388582
285,-88,9.25,100.0,1781080338.700046,1781080344.809601
286,-88,7.0,100.0,1781080339.2060921,1781080345.237416
287,-86,9.0,100.0,1781080339.710602,1781080345.828531
288,-87,9.75,100.0,1781080340.2152781,1781080346.5060558
289,-88,9.0,100.0,1781080340.71998,1781080347.1689658
290,-88,9.5,100.0,1781080341.2247229,1781080347.58615
291,-88,8.75,100.0,1781080341.729203,1781080348.178672
292,-88,7.75,100.0,1781080342.23396,1781080348.853646
293,-87,5.75,98.3,1781080342.738872,1781080349.198258
294,-87,9.25,100.0,1781080343.2437692,1781080349.797204
295,-87,10.5,100.0,1781080343.7472541,1781080350.229036
296,-88,8.75,100.0,1781080344.2517362,1781080350.649725
297,-84,11.0,100.0,1781080344.7566369,1781080350.995724
298,-86,8.75,100.0,1781080345.2613308,1781080351.5863428
299,-87,6.0,100.0,1781080345.7664828,1781080352.011806
300,-88,9.5,100.0,1781080346.270821,1781080352.432101
301,-87,7.25,100.0,1781080346.7742069,1781080353.110076
302,-88,6.25,100.0,1781080347.277298,1781080353.454347
303,-85,10.0,100.0,1781080347.779478,1781080354.123337
305,-87,8.0,100.0,1781080348.789751,1781080355.3882592
306,-88,7.75,100.0,1781080349.2968462,1781080355.812056
307,-89,8.25,100.0,1781080349.800108,1781080356.410291
308,-91,6.5,100.0,1781080350.303256,1781080356.834282
309,-86,8.5,100.0,1781080350.808012,1781080357.3353631
310,-87,7.25,100.0,1781080351.3130188,1781080357.854597
311,-89,7.0,100.0,1781080351.8152242,1781080358.445169
312,-87,9.25,100.0,1781080352.3222249,1781080359.0362089
313,-86,9.75,100.0,1781080352.827013,1781080359.377281
314,-87,9.5,100.0,1781080353.3315442,1781080360.0590432
315,-88,7.0,100.0,1781080353.836509,1781080360.5696871
316,-88,0.75,65.0,1781080354.342793,1781080361.160995
317,-89,3.75,85.0,1781080354.847175,1781080361.670911
318,-90,7.5,100.0,1781080355.3546681,1781080362.265496
319,-89,5.75,98.3,1781080355.862141,1781080362.8569658
320,-88,8.0,100.0,1781080356.36731,1781080363.5419788
321,-88,8.25,100.0,1781080356.8696089,1781080364.137386
322,-86,10.5,100.0,1781080357.3768,1781080364.647073
323,-87,10.25,100.0,1781080357.8839612,1781080365.321001
324,-88,9.75,100.0,1781080358.390409,1781080365.914619
325,-89,8.5,100.0,1781080358.897967,1781080366.3410509
326,-89,7.25,100.0,1781080359.403407,1781080366.930187
327,-88,9.75,100.0,1781080359.911005,1781080367.4401011
328,-89,9.0,100.0,1781080360.41538,1781080368.111547
329,-90,7.0,100.0,1781080360.9232562,1781080368.707973
331,-88,3.25,81.7,1781080361.933524,1781080369.712757
332,-88,5.75,98.3,1781080362.439546,1781080370.133423
333,-87,9.75,100.0,1781080362.9417799,1781080370.721663
334,-86,8.75,100.0,1781080363.4486232,1781080371.314097
335,-88,9.5,100.0,1781080363.9503202,1781080371.909641
336,-89,9.0,100.0,1781080364.457373,1781080372.5941691
337,-87,7.75,100.0,1781080364.96454,1781080372.93815
338,-87,9.75,100.0,1781080365.4719622,1781080373.610368
339,-87,4.75,91.7,1781080365.97936,1781080373.953634
340,-87,4.25,88.3,1781080366.486449,1781080374.380647
341,-87,2.5,76.7,1781080366.99361,1781080374.72134
343,-88,10.0,100.0,1781080368.008115,1781080375.900861
344,-87,8.75,100.0,1781080368.514273,1781080376.2408278
345,-87,7.5,100.0,1781080369.021705,1781080376.752204
346,-87,7.75,100.0,1781080369.529023,1781080377.096771
347,-87,6.25,100.0,1781080370.036335,1781080377.611197
348,-87,7.0,100.0,1781080370.538977,1781080378.2809758
349,-87,7.5,100.0,1781080371.046348,1781080378.87344
350,-87,5.5,96.7,1781080371.549849,1781080379.303437
351,-88,9.0,100.0,1781080372.0521421,1781080379.812788
352,-88,9.0,100.0,1781080372.559413,1781080380.3263848
353,-88,9.0,100.0,1781080373.061768,1781080380.666911
354,-88,9.0,100.0,1781080373.569181,1781080381.17139
355,-88,9.5,100.0,1781080374.076471,1781080381.6030028
356,-88,9.25,100.0,1781080374.583576,1781080381.946213
357,-88,8.25,100.0,1781080375.0859892,1781080382.5360498
358,-87,10.0,100.0,1781080375.5932539,1781080382.87867
359,-88,8.75,100.0,1781080376.100448,1781080383.3859358
360,-88,9.25,100.0,1781080376.602537,1781080383.980278
361,-87,9.75,100.0,1781080377.103959,1781080384.409014
362,-88,9.5,100.0,1781080377.605414,1781080384.832127
363,-87,9.75,100.0,1781080378.107071,1781080385.336756
364,-87,9.0,100.0,1781080378.614199,1781080385.681438
365,-86,9.5,100.0,1781080379.1215239,1781080386.271979
366,-89,8.25,100.0,1781080379.628783,1781080386.870861
367,-87,9.25,100.0,1781080380.1321118,1781080387.463704
368,-87,5.0,93.3,1781080380.6393018,1781080388.060141
369,-87,6.0,100.0,1781080381.1466272,1781080388.569977
370,-87,10.0,100.0,1781080381.653872,1781080389.1620228
371,-87,11.0,100.0,1781080382.161342,1781080389.7535481
372,-87,8.75,100.0,1781080382.6654,1781080390.1852438
373,-87,8.25,100.0,1781080383.172849,1781080390.770422
374,-86,9.75,100.0,1781080383.675752,1781080391.2795079
375,-87,9.75,100.0,1781080384.1828742,1781080391.7050722
376,-89,8.25,100.0,1781080384.689512,1781080392.21377
377,-89,8.75,100.0,1781080385.197398,1781080392.8108082
378,-88,7.25,100.0,1781080385.704656,1781080393.155297
379,-88,8.5,100.0,1781080386.212086,1781080393.578728
380,-88,9.5,100.0,1781080386.719392,1781080394.173972
381,-88,9.0,100.0,1781080387.2266932,1781080394.5216808
382,-88,8.75,100.0,1781080387.73383,1781080394.946832
383,-89,8.5,100.0,1781080388.241075,1781080395.543553
384,-89,9.0,100.0,1781080388.7481449,1781080396.127834
385,-89,9.25,100.0,1781080389.2516139,1781080396.54839
386,-88,9.5,100.0,1781080389.755001,1781080397.141258
387,-89,8.5,100.0,1781080390.261888,1781080397.733838
388,-88,8.0,100.0,1781080390.762998,1781080469.048054
389,-88,8.5,100.0,1781080391.264274,1781080469.305734
390,-88,9.0,100.0,1781080391.765973,1781080469.5603259
391,-88,8.0,100.0,1781080392.273119,1781080469.819763
392,-87,8.75,100.0,1781080392.78052,1781080470.07712
393,-88,8.25,100.0,1781080393.288029,1781080470.419369
394,-88,8.5,100.0,1781080393.7901819,1781080470.67501
395,-87,8.0,100.0,1781080394.297437,1781080470.930316
396,-87,6.25,100.0,1781080394.80471,1781080471.353487
397,-87,7.0,100.0,1781080395.312169,1781080471.773985
399,-87,6.75,100.0,1781080396.317656,1781080472.9633121
400,-87,8.25,100.0,1781080396.824752,1781080473.553622
1,-88,6.5,100.0,1781080474.221392,1781080474.6442602
2,-89,7.0,100.0,1781080474.631399,1781080475.242741
3,-89,5.0,93.3,1781080475.038731,1781080475.919256
4,-91,5.5,96.7,1781080475.44612,1781080476.434122
5,-89,3.0,80.0,1781080475.8534951,1781080476.858338
6,-90,6.0,100.0,1781080476.256278,1781080477.4492228
7,-90,5.5,96.7,1781080476.663638,1781080477.963383
8,-89,7.0,100.0,1781080477.070996,1781080478.5668721
9,-89,2.5,76.7,1781080477.478376,1781080479.245915
10,-90,4.5,90.0,1781080477.885709,1781080479.762007
11,-89,4.25,88.3,1781080478.291166,1781080480.182647
12,-88,8.25,100.0,1781080478.698559,1781080480.770537
13,-88,7.75,100.0,1781080479.105747,1781080481.365033
14,-88,8.5,100.0,1781080479.50932,1781080482.0420082
15,-88,9.25,100.0,1781080479.913533,1781080482.3879218
16,-88,9.0,100.0,1781080480.3179278,1781080482.978744
17,-87,9.0,100.0,1781080480.725355,1781080483.648928
18,-89,8.75,100.0,1781080481.13062,1781080484.319489
19,-88,8.25,100.0,1781080481.537738,1781080484.666495
20,-89,9.25,100.0,1781080481.944916,1781080485.096483
21,-89,7.75,100.0,1781080482.352038,1781080485.688652
22,-88,8.0,100.0,1781080482.758049,1781080486.108973
23,-88,6.5,100.0,1781080483.164201,1781080486.702485
24,-89,7.5,100.0,1781080483.56555,1781080487.207019
25,-89,8.75,100.0,1781080483.971918,1781080487.799381
26,-89,8.75,100.0,1781080484.377126,1781080488.142046
27,-87,9.0,100.0,1781080484.779624,1781080488.73772
28,-86,9.5,100.0,1781080485.182442,1781080489.245512
29,-88,7.5,100.0,1781080485.5841742,1781080489.755519
30,-89,8.0,100.0,1781080485.9870138,1781080490.346497
31,-87,9.0,100.0,1781080486.393074,1781080491.024588
32,-87,5.5,96.7,1781080486.8002439,1781080491.5301912
33,-88,5.25,95.0,1781080487.2031019,1781080491.963537
34,-88,8.75,100.0,1781080487.607899,1781080492.9015229
35,-86,7.25,100.0,1781080488.0143528,1781080493.4964302
36,-86,9.75,100.0,1781080488.421673,1781080494.080081
37,-87,9.75,100.0,1781080488.828018,1781080494.5091531
38,-88,8.5,100.0,1781080489.235379,1781080495.023011
39,-87,7.75,100.0,1781080489.642616,1781080495.535298
40,-86,2.75,78.3,1781080490.046819,1781080495.867732
41,-88,9.0,100.0,1781080490.454169,1781080496.370976
42,-87,8.25,100.0,1781080490.861569,1781080497.0488892
43,-86,6.0,100.0,1781080491.2673202,1781080497.474134
44,-89,8.25,100.0,1781080491.671723,1781080498.0705369
45,-89,7.75,100.0,1781080492.079181,1781080498.49764
46,-88,7.75,100.0,1781080492.486356,1781080499.0090828
47,-89,6.0,100.0,1781080492.893713,1781080499.519849
48,-89,5.25,95.0,1781080493.296441,1781080499.862635
49,-89,8.75,100.0,1781080493.703192,1781080500.376064
50,-90,6.75,100.0,1781080494.11044,1781080500.797791
51,-89,6.25,100.0,1781080494.513412,1781080501.225954
52,-88,6.25,100.0,1781080494.920585,1781080501.6466188
53,-89,9.0,100.0,1781080495.327892,1781080502.315614
54,-89,6.75,100.0,1781080495.735092,1781080502.9094179
55,-88,4.25,88.3,1781080496.142389,1781080503.586813
56,-88,4.25,88.3,1781080496.549469,1781080504.013547
57,-89,3.25,81.7,1781080496.9564621,1781080504.605511
58,-88,3.5,83.3,1781080497.363429,1781080505.034971
59,-89,9.25,100.0,1781080497.7697458,1781080505.550069
60,-89,7.75,100.0,1781080498.176809,1781080505.88906
61,-89,7.75,100.0,1781080498.5838919,1781080506.403144
62,-89,7.5,100.0,1781080498.988257,1781080506.828446
63,-88,8.25,100.0,1781080499.390118,1781080507.254572
64,-90,6.75,100.0,1781080499.791449,1781080507.68509
65,-92,4.25,88.3,1781080500.198039,1781080508.275946
66,-88,9.5,100.0,1781080500.603513,1781080508.8670971
67,-89,8.5,100.0,1781080501.010992,1781080509.3778508
68,-90,6.5,100.0,1781080501.418323,1781080509.977099
69,-87,9.75,100.0,1781080501.825723,1781080510.7374039
70,-90,8.0,100.0,1781080502.232876,1781080511.166229
71,-89,9.25,100.0,1781080502.63699,1781080511.830584
72,-89,7.75,100.0,1781080503.039288,1781080512.424191
73,-90,7.5,100.0,1781080503.4466481,1781080513.359434
74,-89,7.75,100.0,1781080503.85409,1781080513.783937
75,-90,4.5,90.0,1781080504.261332,1781080514.377294
76,-90,7.75,100.0,1781080504.66851,1781080514.8035588
77,-87,9.25,100.0,1781080505.076148,1781080515.22826
78,-87,7.75,100.0,1781080505.483739,1781080515.819058
79,-87,9.0,100.0,1781080505.8911512,1781080516.406343
80,-89,8.25,100.0,1781080506.296421,1781080516.8272908
81,-88,9.5,100.0,1781080506.703661,1781080517.339494
82,-87,9.5,100.0,1781080507.1111019,1781080517.846394
83,-88,9.25,100.0,1781080507.518236,1781080518.26845
84,-87,8.5,100.0,1781080507.921438,1781080518.697899
85,-88,9.0,100.0,1781080508.3286982,1781080519.287851
86,-89,8.0,100.0,1781080508.735911,1781080519.8796859
87,-89,3.5,83.3,1781080509.143169,1781080520.305015
88,-93,5.75,98.3,1781080509.546398,1781080520.816305
90,-88,10.25,100.0,1781080510.357302,1781080521.825755
91,-94,5.75,98.3,1781080510.760145,1781080522.41945
92,-93,1.25,68.3,1781080511.16724,1781080523.0216808
93,-92,2.0,73.3,1781080511.5747058,1781080523.447458
124,-92,5.75,98.3,1781080524.16138,1781080525.125721
125,-91,7.0,100.0,1781080524.567853,1781080525.717124
126,-90,7.75,100.0,1781080524.97029,1781080526.391475
127,-90,9.0,100.0,1781080525.377155,1781080526.8243232
128,-90,9.5,100.0,1781080525.779739,1781080527.2484438
129,-88,9.0,100.0,1781080526.1868641,1781080527.9322371
130,-94,6.5,100.0,1781080526.588539,1781080528.51937
131,-91,7.75,100.0,1781080526.9897752,1781080528.865076
132,-88,5.25,95.0,1781080527.3961668,1781080529.37248
133,-94,6.25,100.0,1781080527.799305,1781080529.876847
134,-93,5.0,93.3,1781080528.207268,1781080530.299308
135,-91,8.25,100.0,1781080528.610037,1781080530.888509
136,-95,0.75,65.0,1781080529.013363,1781080531.565514
137,-96,0.0,60.0,1781080529.41594,1781080531.9052212
138,-95,-1.5,50.0,1781080529.818676,1781080532.337226
139,-90,8.0,100.0,1781080530.226209,1781080532.8501382
140,-90,7.25,100.0,1781080530.6339111,1781080533.186628
142,-92,5.25,95.0,1781080531.439069,1781080534.456074
143,-90,8.25,100.0,1781080531.841556,1781080534.969959
144,-89,6.75,100.0,1781080532.246258,1781080535.561871
145,-88,9.25,100.0,1781080532.653735,1781080536.157336
146,-87,9.5,100.0,1781080533.059948,1781080536.583214
147,-90,7.5,100.0,1781080533.467663,1781080537.1744819
148,-88,9.25,100.0,1781080533.871506,1781080537.771272
149,-88,8.75,100.0,1781080534.274457,1781080538.276284
150,-85,10.75,100.0,1781080534.676945,1781080538.869188
151,-84,11.0,100.0,1781080535.084288,1781080539.461557
152,-89,6.0,100.0,1781080535.486976,1781080540.049729
153,-87,9.25,100.0,1781080535.894541,1781080540.476966
154,-85,11.25,100.0,1781080536.302082,1781080541.0701902
155,-84,10.75,100.0,1781080536.709481,1781080541.6605551
156,-88,9.25,100.0,1781080537.114857,1781080542.083421
157,-89,6.5,100.0,1781080537.5211341,1781080542.595343
158,-91,7.25,100.0,1781080537.923883,1781080543.1885078
159,-89,9.5,100.0,1781080538.328764,1781080543.697429
160,-86,9.75,100.0,1781080538.733236,1781080544.03687
161,-84,10.75,100.0,1781080539.135297,1781080544.539048
162,-88,9.0,100.0,1781080539.539823,1781080544.962373
163,-87,9.5,100.0,1781080539.942194,1781080545.5588639
164,-86,10.0,100.0,1781080540.348574,1781080545.9847739
165,-86,9.75,100.0,1781080540.751668,1781080546.577964
166,-89,7.5,100.0,1781080541.153208,1781080547.257356
167,-87,10.25,100.0,1781080541.560404,1781080547.8439429
168,-86,9.25,100.0,1781080541.963307,1781080548.181005
169,-86,9.25,100.0,1781080542.369448,1781080548.767612
170,-87,9.75,100.0,1781080542.776706,1781080549.1928241
171,-85,10.25,100.0,1781080543.184147,1781080549.619675
172,-86,9.25,100.0,1781080543.591551,1781080550.297033
173,-89,8.0,100.0,1781080543.994488,1781080550.641291
174,-87,9.5,100.0,1781080544.40224,1781080551.157784
175,-88,8.25,100.0,1781080544.8059,1781080551.6632278
176,-87,9.0,100.0,1781080545.213768,1781080552.169678
177,-87,8.75,100.0,1781080545.621399,1781080552.5969028
178,-85,11.0,100.0,1781080546.029067,1781080553.0222578
179,-85,10.0,100.0,1781080546.4317062,1781080553.5321002
180,-87,9.75,100.0,1781080546.836975,1781080554.1229188
181,-88,8.25,100.0,1781080547.241117,1781080554.5452611
182,-83,10.5,100.0,1781080547.648437,1781080555.049951
183,-84,10.5,100.0,1781080548.0522208,1781080555.48287
184,-85,9.25,100.0,1781080548.458304,1781080555.997361
185,-85,10.75,100.0,1781080548.8619819,1781080556.756557
186,-86,10.5,100.0,1781080549.265514,1781080557.26702
187,-86,10.0,100.0,1781080549.670648,1781080557.867439
188,-89,8.25,100.0,1781080550.078131,1781080558.3847911
189,-89,7.25,100.0,1781080550.484501,1781080558.815029
190,-89,5.75,98.3,1781080550.887373,1781080559.240435
191,-90,2.75,78.3,1781080551.294633,1781080559.58025
192,-88,3.0,80.0,1781080551.69887,1781080560.0090911
193,-86,6.25,100.0,1781080552.1013708,1781080560.519655
194,-85,1.0,66.7,1781080552.506309,1781080560.943249
195,-90,5.5,96.7,1781080552.913801,1781080561.4503
196,-90,1.75,71.7,1781080553.316243,1781080561.7972732
197,-87,10.25,100.0,1781080553.723,1781080562.468284
198,-86,10.0,100.0,1781080554.130576,1781080562.817002
199,-89,7.5,100.0,1781080554.533395,1781080563.413409
200,-91,5.75,98.3,1781080554.934829,1781080564.002319
201,-93,2.5,76.7,1781080555.342137,1781080564.428738
203,-92,2.25,75.0,1781080556.157519,1781080565.516268
205,-92,0.0,60.0,1781080556.962786,1781080566.440835
207,-89,7.5,100.0,1781080557.771657,1781080567.2025259
208,-89,6.75,100.0,1781080558.176658,1781080567.62978
209,-90,5.5,96.7,1781080558.5819619,1781080567.968704
210,-89,7.75,100.0,1781080558.989145,1781080568.640539
211,-87,3.75,85.0,1781080559.3969212,1781080569.143166
212,-89,4.5,90.0,1781080559.800103,1781080569.82086
213,-87,0.5,63.3,1781080560.207654,1781080570.251953
214,-87,5.75,98.3,1781080560.61492,1781080570.758506
215,-86,9.75,100.0,1781080561.017833,1781080571.187694
216,-86,7.75,100.0,1781080561.4208,1781080571.783246
217,-88,4.0,86.7,1781080561.826664,1781080572.299065
218,-88,4.5,90.0,1781080562.2339299,1781080572.642807
219,-88,8.75,100.0,1781080562.639167,1781080573.2416089
220,-88,8.25,100.0,1781080563.044031,1781080573.830682
221,-89,7.5,100.0,1781080563.451513,1781080574.336149
222,-89,7.75,100.0,1781080563.856386,1781080574.8549771
223,-89,6.0,100.0,1781080564.2632818,1781080575.448402
224,-89,8.0,100.0,1781080564.669317,1781080575.957804
